,op_id,op_type,suc,maca,cv_dsp
0,/model/bert/Constant,Constant,['/model/bert/pooler/Gather'],300,300
1,/model/bert/Constant_1,Constant,['/model/bert/Expand'],300,300
2,/model/bert/Constant_2,Constant,"['/model/bert/Equal', '/model/bert/Where']",300,300
3,/model/bert/Constant_3,Constant,['/model/bert/ConstantOfShape'],300,300
4,/model/bert/Constant_4,Constant,['/model/bert/Mul'],300,300
5,/model/bert/embeddings/word_embeddings/Gather,Gather,['/model/bert/embeddings/Add'],-1,1232480
6,/model/bert/embeddings/position_embeddings/Gather,Gather,['/model/bert/embeddings/Add_1'],-1,119159
7,/model/bert/embeddings/LayerNorm/Constant,Constant,['/model/bert/embeddings/LayerNorm/Pow'],300,300
8,/model/bert/embeddings/LayerNorm/Constant_1,Constant,['/model/bert/embeddings/LayerNorm/Add'],300,300
9,/model/bert/encoder/layer.0/attention/self/Constant,Constant,['/model/bert/encoder/layer.0/attention/self/Reshape'],300,300
10,/model/bert/encoder/layer.0/attention/self/Constant_1,Constant,['/model/bert/encoder/layer.0/attention/self/Reshape_1'],300,300
11,/model/bert/encoder/layer.0/attention/self/Constant_2,Constant,['/model/bert/encoder/layer.0/attention/self/Reshape_2'],300,300
12,/model/bert/encoder/layer.0/attention/self/Constant_3,Constant,['/model/bert/encoder/layer.0/attention/self/Div'],300,300
13,/model/bert/encoder/layer.0/attention/self/Constant_4,Constant,['/model/bert/encoder/layer.0/attention/self/Add'],300,300
14,/model/bert/encoder/layer.0/attention/self/Constant_5,Constant,['/model/bert/encoder/layer.0/attention/self/Reshape_3'],300,300
15,/model/bert/encoder/layer.0/attention/output/LayerNorm/Constant,Constant,['/model/bert/encoder/layer.0/attention/output/LayerNorm/Pow'],300,300
16,/model/bert/encoder/layer.0/attention/output/LayerNorm/Constant_1,Constant,['/model/bert/encoder/layer.0/attention/output/LayerNorm/Add'],300,300
17,/model/bert/encoder/layer.0/intermediate/intermediate_act_fn/Constant,Constant,['/model/bert/encoder/layer.0/intermediate/intermediate_act_fn/Div'],300,300
18,/model/bert/encoder/layer.0/intermediate/intermediate_act_fn/Constant_1,Constant,['/model/bert/encoder/layer.0/intermediate/intermediate_act_fn/Add'],300,300
19,/model/bert/encoder/layer.0/intermediate/intermediate_act_fn/Constant_2,Constant,['/model/bert/encoder/layer.0/intermediate/intermediate_act_fn/Mul_1'],300,300
20,/model/bert/encoder/layer.0/output/LayerNorm/Constant,Constant,['/model/bert/encoder/layer.0/output/LayerNorm/Pow'],300,300
21,/model/bert/encoder/layer.0/output/LayerNorm/Constant_1,Constant,['/model/bert/encoder/layer.0/output/LayerNorm/Add'],300,300
22,/model/bert/encoder/layer.1/attention/self/Constant,Constant,['/model/bert/encoder/layer.1/attention/self/Reshape'],300,300
23,/model/bert/encoder/layer.1/attention/self/Constant_1,Constant,['/model/bert/encoder/layer.1/attention/self/Reshape_1'],300,300
24,/model/bert/encoder/layer.1/attention/self/Constant_2,Constant,['/model/bert/encoder/layer.1/attention/self/Reshape_2'],300,300
25,/model/bert/encoder/layer.1/attention/self/Constant_3,Constant,['/model/bert/encoder/layer.1/attention/self/Div'],300,300
26,/model/bert/encoder/layer.1/attention/self/Constant_4,Constant,['/model/bert/encoder/layer.1/attention/self/Add'],300,300
27,/model/bert/encoder/layer.1/attention/self/Constant_5,Constant,['/model/bert/encoder/layer.1/attention/self/Reshape_3'],300,300
28,/model/bert/encoder/layer.1/attention/output/LayerNorm/Constant,Constant,['/model/bert/encoder/layer.1/attention/output/LayerNorm/Pow'],300,300
29,/model/bert/encoder/layer.1/attention/output/LayerNorm/Constant_1,Constant,['/model/bert/encoder/layer.1/attention/output/LayerNorm/Add'],300,300
30,/model/bert/encoder/layer.1/intermediate/intermediate_act_fn/Constant,Constant,['/model/bert/encoder/layer.1/intermediate/intermediate_act_fn/Div'],300,300
31,/model/bert/encoder/layer.1/intermediate/intermediate_act_fn/Constant_1,Constant,['/model/bert/encoder/layer.1/intermediate/intermediate_act_fn/Add'],300,300
32,/model/bert/encoder/layer.1/intermediate/intermediate_act_fn/Constant_2,Constant,['/model/bert/encoder/layer.1/intermediate/intermediate_act_fn/Mul_1'],300,300
33,/model/bert/encoder/layer.1/output/LayerNorm/Constant,Constant,['/model/bert/encoder/layer.1/output/LayerNorm/Pow'],300,300
34,/model/bert/encoder/layer.1/output/LayerNorm/Constant_1,Constant,['/model/bert/encoder/layer.1/output/LayerNorm/Add'],300,300
35,/model/bert/encoder/layer.2/attention/self/Constant,Constant,['/model/bert/encoder/layer.2/attention/self/Reshape'],300,300
36,/model/bert/encoder/layer.2/attention/self/Constant_1,Constant,['/model/bert/encoder/layer.2/attention/self/Reshape_1'],300,300
37,/model/bert/encoder/layer.2/attention/self/Constant_2,Constant,['/model/bert/encoder/layer.2/attention/self/Reshape_2'],300,300
38,/model/bert/encoder/layer.2/attention/self/Constant_3,Constant,['/model/bert/encoder/layer.2/attention/self/Div'],300,300
39,/model/bert/encoder/layer.2/attention/self/Constant_4,Constant,['/model/bert/encoder/layer.2/attention/self/Add'],300,300
40,/model/bert/encoder/layer.2/attention/self/Constant_5,Constant,['/model/bert/encoder/layer.2/attention/self/Reshape_3'],300,300
41,/model/bert/encoder/layer.2/attention/output/LayerNorm/Constant,Constant,['/model/bert/encoder/layer.2/attention/output/LayerNorm/Pow'],300,300
42,/model/bert/encoder/layer.2/attention/output/LayerNorm/Constant_1,Constant,['/model/bert/encoder/layer.2/attention/output/LayerNorm/Add'],300,300
43,/model/bert/encoder/layer.2/intermediate/intermediate_act_fn/Constant,Constant,['/model/bert/encoder/layer.2/intermediate/intermediate_act_fn/Div'],300,300
44,/model/bert/encoder/layer.2/intermediate/intermediate_act_fn/Constant_1,Constant,['/model/bert/encoder/layer.2/intermediate/intermediate_act_fn/Add'],300,300
45,/model/bert/encoder/layer.2/intermediate/intermediate_act_fn/Constant_2,Constant,['/model/bert/encoder/layer.2/intermediate/intermediate_act_fn/Mul_1'],300,300
46,/model/bert/encoder/layer.2/output/LayerNorm/Constant,Constant,['/model/bert/encoder/layer.2/output/LayerNorm/Pow'],300,300
47,/model/bert/encoder/layer.2/output/LayerNorm/Constant_1,Constant,['/model/bert/encoder/layer.2/output/LayerNorm/Add'],300,300
48,/model/bert/encoder/layer.3/attention/self/Constant,Constant,['/model/bert/encoder/layer.3/attention/self/Reshape'],300,300
49,/model/bert/encoder/layer.3/attention/self/Constant_1,Constant,['/model/bert/encoder/layer.3/attention/self/Reshape_1'],300,300
50,/model/bert/encoder/layer.3/attention/self/Constant_2,Constant,['/model/bert/encoder/layer.3/attention/self/Reshape_2'],300,300
51,/model/bert/encoder/layer.3/attention/self/Constant_3,Constant,['/model/bert/encoder/layer.3/attention/self/Div'],300,300
52,/model/bert/encoder/layer.3/attention/self/Constant_4,Constant,['/model/bert/encoder/layer.3/attention/self/Add'],300,300
53,/model/bert/encoder/layer.3/attention/self/Constant_5,Constant,['/model/bert/encoder/layer.3/attention/self/Reshape_3'],300,300
54,/model/bert/encoder/layer.3/attention/output/LayerNorm/Constant,Constant,['/model/bert/encoder/layer.3/attention/output/LayerNorm/Pow'],300,300
55,/model/bert/encoder/layer.3/attention/output/LayerNorm/Constant_1,Constant,['/model/bert/encoder/layer.3/attention/output/LayerNorm/Add'],300,300
56,/model/bert/encoder/layer.3/intermediate/intermediate_act_fn/Constant,Constant,['/model/bert/encoder/layer.3/intermediate/intermediate_act_fn/Div'],300,300
57,/model/bert/encoder/layer.3/intermediate/intermediate_act_fn/Constant_1,Constant,['/model/bert/encoder/layer.3/intermediate/intermediate_act_fn/Add'],300,300
58,/model/bert/encoder/layer.3/intermediate/intermediate_act_fn/Constant_2,Constant,['/model/bert/encoder/layer.3/intermediate/intermediate_act_fn/Mul_1'],300,300
59,/model/bert/encoder/layer.3/output/LayerNorm/Constant,Constant,['/model/bert/encoder/layer.3/output/LayerNorm/Pow'],300,300
60,/model/bert/encoder/layer.3/output/LayerNorm/Constant_1,Constant,['/model/bert/encoder/layer.3/output/LayerNorm/Add'],300,300
61,/model/bert/encoder/layer.4/attention/self/Constant,Constant,['/model/bert/encoder/layer.4/attention/self/Reshape'],300,300
62,/model/bert/encoder/layer.4/attention/self/Constant_1,Constant,['/model/bert/encoder/layer.4/attention/self/Reshape_1'],300,300
63,/model/bert/encoder/layer.4/attention/self/Constant_2,Constant,['/model/bert/encoder/layer.4/attention/self/Reshape_2'],300,300
64,/model/bert/encoder/layer.4/attention/self/Constant_3,Constant,['/model/bert/encoder/layer.4/attention/self/Div'],300,300
65,/model/bert/encoder/layer.4/attention/self/Constant_4,Constant,['/model/bert/encoder/layer.4/attention/self/Add'],300,300
66,/model/bert/encoder/layer.4/attention/self/Constant_5,Constant,['/model/bert/encoder/layer.4/attention/self/Reshape_3'],300,300
67,/model/bert/encoder/layer.4/attention/output/LayerNorm/Constant,Constant,['/model/bert/encoder/layer.4/attention/output/LayerNorm/Pow'],300,300
68,/model/bert/encoder/layer.4/attention/output/LayerNorm/Constant_1,Constant,['/model/bert/encoder/layer.4/attention/output/LayerNorm/Add'],300,300
69,/model/bert/encoder/layer.4/intermediate/intermediate_act_fn/Constant,Constant,['/model/bert/encoder/layer.4/intermediate/intermediate_act_fn/Div'],300,300
70,/model/bert/encoder/layer.4/intermediate/intermediate_act_fn/Constant_1,Constant,['/model/bert/encoder/layer.4/intermediate/intermediate_act_fn/Add'],300,300
71,/model/bert/encoder/layer.4/intermediate/intermediate_act_fn/Constant_2,Constant,['/model/bert/encoder/layer.4/intermediate/intermediate_act_fn/Mul_1'],300,300
72,/model/bert/encoder/layer.4/output/LayerNorm/Constant,Constant,['/model/bert/encoder/layer.4/output/LayerNorm/Pow'],300,300
73,/model/bert/encoder/layer.4/output/LayerNorm/Constant_1,Constant,['/model/bert/encoder/layer.4/output/LayerNorm/Add'],300,300
74,/model/bert/encoder/layer.5/attention/self/Constant,Constant,['/model/bert/encoder/layer.5/attention/self/Reshape'],300,300
75,/model/bert/encoder/layer.5/attention/self/Constant_1,Constant,['/model/bert/encoder/layer.5/attention/self/Reshape_1'],300,300
76,/model/bert/encoder/layer.5/attention/self/Constant_2,Constant,['/model/bert/encoder/layer.5/attention/self/Reshape_2'],300,300
77,/model/bert/encoder/layer.5/attention/self/Constant_3,Constant,['/model/bert/encoder/layer.5/attention/self/Div'],300,300
78,/model/bert/encoder/layer.5/attention/self/Constant_4,Constant,['/model/bert/encoder/layer.5/attention/self/Add'],300,300
79,/model/bert/encoder/layer.5/attention/self/Constant_5,Constant,['/model/bert/encoder/layer.5/attention/self/Reshape_3'],300,300
80,/model/bert/encoder/layer.5/attention/output/LayerNorm/Constant,Constant,['/model/bert/encoder/layer.5/attention/output/LayerNorm/Pow'],300,300
81,/model/bert/encoder/layer.5/attention/output/LayerNorm/Constant_1,Constant,['/model/bert/encoder/layer.5/attention/output/LayerNorm/Add'],300,300
82,/model/bert/encoder/layer.5/intermediate/intermediate_act_fn/Constant,Constant,['/model/bert/encoder/layer.5/intermediate/intermediate_act_fn/Div'],300,300
83,/model/bert/encoder/layer.5/intermediate/intermediate_act_fn/Constant_1,Constant,['/model/bert/encoder/layer.5/intermediate/intermediate_act_fn/Add'],300,300
84,/model/bert/encoder/layer.5/intermediate/intermediate_act_fn/Constant_2,Constant,['/model/bert/encoder/layer.5/intermediate/intermediate_act_fn/Mul_1'],300,300
85,/model/bert/encoder/layer.5/output/LayerNorm/Constant,Constant,['/model/bert/encoder/layer.5/output/LayerNorm/Pow'],300,300
86,/model/bert/encoder/layer.5/output/LayerNorm/Constant_1,Constant,['/model/bert/encoder/layer.5/output/LayerNorm/Add'],300,300
87,/model/bert/ConstantOfShape,ConstantOfShape,"['/model/bert/Mul', '/model/bert/Where']",300,300
88,/model/bert/Mul,Mul,['/model/bert/Equal'],-1,140045
89,/model/bert/Equal,Equal,['/model/bert/Where'],300,300
90,/model/bert/Where,Where,['/model/bert/Expand'],300,300
91,/model/bert/Expand,Expand,['/model/bert/embeddings/token_type_embeddings/Gather'],300,300
92,/model/bert/embeddings/token_type_embeddings/Gather,Gather,['/model/bert/embeddings/Add'],-1,139055
93,/model/bert/embeddings/Add,Add,['/model/bert/embeddings/Add_1'],-1,141432
94,/model/bert/embeddings/Add_1,Add,"['/model/bert/embeddings/LayerNorm/ReduceMean', '/model/bert/embeddings/LayerNorm/Sub']",-1,141432
95,/model/bert/embeddings/LayerNorm/ReduceMean,ReduceMean,['/model/bert/embeddings/LayerNorm/Sub'],-1,404743
96,/model/bert/embeddings/LayerNorm/Sub,Sub,"['/model/bert/embeddings/LayerNorm/Pow', '/model/bert/embeddings/LayerNorm/Div']",-1,141432
97,/model/bert/embeddings/LayerNorm/Pow,Pow,['/model/bert/embeddings/LayerNorm/ReduceMean_1'],-1,201110
98,/model/bert/embeddings/LayerNorm/ReduceMean_1,ReduceMean,['/model/bert/embeddings/LayerNorm/Add'],-1,404743
99,/model/bert/embeddings/LayerNorm/Add,Add,['/model/bert/embeddings/LayerNorm/Sqrt'],-1,141432
100,/model/bert/embeddings/LayerNorm/Sqrt,Sqrt,['/model/bert/embeddings/LayerNorm/Div'],-1,141591
101,/model/bert/embeddings/LayerNorm/Div,Div,['/model/bert/embeddings/LayerNorm/Mul'],-1,340873
102,/model/bert/embeddings/LayerNorm/Mul,Mul,['/model/bert/embeddings/LayerNorm/Add_1'],-1,140045
103,/model/bert/embeddings/LayerNorm/Add_1,Add,"['/model/bert/encoder/layer.0/attention/self/query/MatMul', '/model/bert/encoder/layer.0/attention/self/key/MatMul', '/model/bert/encoder/layer.0/attention/self/value/MatMul', '/model/bert/encoder/layer.0/attention/output/Add']",-1,141432
104,/model/bert/encoder/layer.0/attention/self/query/MatMul,MatMul,['/model/bert/encoder/layer.0/attention/self/query/Add'],-1,113530
105,/model/bert/encoder/layer.0/attention/self/key/MatMul,MatMul,['/model/bert/encoder/layer.0/attention/self/key/Add'],-1,113530
106,/model/bert/encoder/layer.0/attention/self/value/MatMul,MatMul,['/model/bert/encoder/layer.0/attention/self/value/Add'],-1,113530
107,/model/bert/encoder/layer.0/attention/self/query/Add,Add,['/model/bert/encoder/layer.0/attention/self/Reshape_2'],-1,141432
108,/model/bert/encoder/layer.0/attention/self/key/Add,Add,['/model/bert/encoder/layer.0/attention/self/Reshape'],-1,141432
109,/model/bert/encoder/layer.0/attention/self/value/Add,Add,['/model/bert/encoder/layer.0/attention/self/Reshape_1'],-1,141432
110,/model/bert/encoder/layer.0/attention/self/Reshape_2,Reshape,['/model/bert/encoder/layer.0/attention/self/Transpose_1'],-1,143690
111,/model/bert/encoder/layer.0/attention/self/Reshape,Reshape,['/model/bert/encoder/layer.0/attention/self/Transpose_2'],-1,143690
112,/model/bert/encoder/layer.0/attention/self/Reshape_1,Reshape,['/model/bert/encoder/layer.0/attention/self/Transpose'],-1,143690
113,/model/bert/encoder/layer.0/attention/self/Transpose_1,Transpose,['/model/bert/encoder/layer.0/attention/self/MatMul'],-1,142097
114,/model/bert/encoder/layer.0/attention/self/Transpose_2,Transpose,['/model/bert/encoder/layer.0/attention/self/MatMul'],-1,142097
115,/model/bert/encoder/layer.0/attention/self/Transpose,Transpose,['/model/bert/encoder/layer.0/attention/self/MatMul_1'],-1,142097
116,/model/bert/encoder/layer.0/attention/self/MatMul,MatMul,['/model/bert/encoder/layer.0/attention/self/Div'],-1,166809
117,/model/bert/encoder/layer.0/attention/self/Div,Div,['/model/bert/encoder/layer.0/attention/self/Add'],-1,340873
118,/model/bert/encoder/layer.0/attention/self/Add,Add,['/model/bert/encoder/layer.0/attention/self/Softmax'],-1,141800
119,/model/bert/encoder/layer.0/attention/self/Softmax,Softmax,['/model/bert/encoder/layer.0/attention/self/MatMul_1'],-1,142900
120,/model/bert/encoder/layer.0/attention/self/MatMul_1,MatMul,['/model/bert/encoder/layer.0/attention/self/Transpose_3'],-1,166809
121,/model/bert/encoder/layer.0/attention/self/Transpose_3,Transpose,['/model/bert/encoder/layer.0/attention/self/Reshape_3'],-1,142097
122,/model/bert/encoder/layer.0/attention/self/Reshape_3,Reshape,['/model/bert/encoder/layer.0/attention/output/dense/MatMul'],-1,143690
123,/model/bert/encoder/layer.0/attention/output/dense/MatMul,MatMul,['/model/bert/encoder/layer.0/attention/output/dense/Add'],-1,113530
124,/model/bert/encoder/layer.0/attention/output/dense/Add,Add,['/model/bert/encoder/layer.0/attention/output/Add'],-1,143924
125,/model/bert/encoder/layer.0/attention/output/Add,Add,"['/model/bert/encoder/layer.0/attention/output/LayerNorm/ReduceMean', '/model/bert/encoder/layer.0/attention/output/LayerNorm/Sub']",-1,141432
126,/model/bert/encoder/layer.0/attention/output/LayerNorm/ReduceMean,ReduceMean,['/model/bert/encoder/layer.0/attention/output/LayerNorm/Sub'],-1,404743
127,/model/bert/encoder/layer.0/attention/output/LayerNorm/Sub,Sub,"['/model/bert/encoder/layer.0/attention/output/LayerNorm/Pow', '/model/bert/encoder/layer.0/attention/output/LayerNorm/Div']",-1,141432
128,/model/bert/encoder/layer.0/attention/output/LayerNorm/Pow,Pow,['/model/bert/encoder/layer.0/attention/output/LayerNorm/ReduceMean_1'],-1,201110
129,/model/bert/encoder/layer.0/attention/output/LayerNorm/ReduceMean_1,ReduceMean,['/model/bert/encoder/layer.0/attention/output/LayerNorm/Add'],-1,404743
130,/model/bert/encoder/layer.0/attention/output/LayerNorm/Add,Add,['/model/bert/encoder/layer.0/attention/output/LayerNorm/Sqrt'],-1,141432
131,/model/bert/encoder/layer.0/attention/output/LayerNorm/Sqrt,Sqrt,['/model/bert/encoder/layer.0/attention/output/LayerNorm/Div'],-1,141591
132,/model/bert/encoder/layer.0/attention/output/LayerNorm/Div,Div,['/model/bert/encoder/layer.0/attention/output/LayerNorm/Mul'],-1,340873
133,/model/bert/encoder/layer.0/attention/output/LayerNorm/Mul,Mul,['/model/bert/encoder/layer.0/attention/output/LayerNorm/Add_1'],-1,140045
134,/model/bert/encoder/layer.0/attention/output/LayerNorm/Add_1,Add,"['/model/bert/encoder/layer.0/intermediate/dense/MatMul', '/model/bert/encoder/layer.0/output/Add']",-1,141432
135,/model/bert/encoder/layer.0/intermediate/dense/MatMul,MatMul,['/model/bert/encoder/layer.0/intermediate/dense/Add'],-1,1072295
136,/model/bert/encoder/layer.0/intermediate/dense/Add,Add,"['/model/bert/encoder/layer.0/intermediate/intermediate_act_fn/Div', '/model/bert/encoder/layer.0/intermediate/intermediate_act_fn/Mul']",-1,141432
137,/model/bert/encoder/layer.0/intermediate/intermediate_act_fn/Div,Div,['/model/bert/encoder/layer.0/intermediate/intermediate_act_fn/Erf'],-1,340873
138,/model/bert/encoder/layer.0/intermediate/intermediate_act_fn/Erf,Erf,['/model/bert/encoder/layer.0/intermediate/intermediate_act_fn/Add'],300,300
139,/model/bert/encoder/layer.0/intermediate/intermediate_act_fn/Add,Add,['/model/bert/encoder/layer.0/intermediate/intermediate_act_fn/Mul'],-1,141432
140,/model/bert/encoder/layer.0/intermediate/intermediate_act_fn/Mul,Mul,['/model/bert/encoder/layer.0/intermediate/intermediate_act_fn/Mul_1'],-1,140045
141,/model/bert/encoder/layer.0/intermediate/intermediate_act_fn/Mul_1,Mul,['/model/bert/encoder/layer.0/output/dense/MatMul'],-1,140045
142,/model/bert/encoder/layer.0/output/dense/MatMul,MatMul,['/model/bert/encoder/layer.0/output/dense/Add'],-1,1072295
143,/model/bert/encoder/layer.0/output/dense/Add,Add,['/model/bert/encoder/layer.0/output/Add'],-1,141432
144,/model/bert/encoder/layer.0/output/Add,Add,"['/model/bert/encoder/layer.0/output/LayerNorm/ReduceMean', '/model/bert/encoder/layer.0/output/LayerNorm/Sub']",-1,141432
145,/model/bert/encoder/layer.0/output/LayerNorm/ReduceMean,ReduceMean,['/model/bert/encoder/layer.0/output/LayerNorm/Sub'],-1,404743
146,/model/bert/encoder/layer.0/output/LayerNorm/Sub,Sub,"['/model/bert/encoder/layer.0/output/LayerNorm/Pow', '/model/bert/encoder/layer.0/output/LayerNorm/Div']",-1,141432
147,/model/bert/encoder/layer.0/output/LayerNorm/Pow,Pow,['/model/bert/encoder/layer.0/output/LayerNorm/ReduceMean_1'],-1,201110
148,/model/bert/encoder/layer.0/output/LayerNorm/ReduceMean_1,ReduceMean,['/model/bert/encoder/layer.0/output/LayerNorm/Add'],-1,404743
149,/model/bert/encoder/layer.0/output/LayerNorm/Add,Add,['/model/bert/encoder/layer.0/output/LayerNorm/Sqrt'],-1,141432
150,/model/bert/encoder/layer.0/output/LayerNorm/Sqrt,Sqrt,['/model/bert/encoder/layer.0/output/LayerNorm/Div'],-1,141591
151,/model/bert/encoder/layer.0/output/LayerNorm/Div,Div,['/model/bert/encoder/layer.0/output/LayerNorm/Mul'],-1,340873
152,/model/bert/encoder/layer.0/output/LayerNorm/Mul,Mul,['/model/bert/encoder/layer.0/output/LayerNorm/Add_1'],-1,140045
153,/model/bert/encoder/layer.0/output/LayerNorm/Add_1,Add,"['/model/bert/encoder/layer.1/attention/self/query/MatMul', '/model/bert/encoder/layer.1/attention/self/key/MatMul', '/model/bert/encoder/layer.1/attention/self/value/MatMul', '/model/bert/encoder/layer.1/attention/output/Add']",-1,141432
154,/model/bert/encoder/layer.1/attention/self/query/MatMul,MatMul,['/model/bert/encoder/layer.1/attention/self/query/Add'],-1,113530
155,/model/bert/encoder/layer.1/attention/self/key/MatMul,MatMul,['/model/bert/encoder/layer.1/attention/self/key/Add'],-1,113530
156,/model/bert/encoder/layer.1/attention/self/value/MatMul,MatMul,['/model/bert/encoder/layer.1/attention/self/value/Add'],-1,113530
157,/model/bert/encoder/layer.1/attention/self/query/Add,Add,['/model/bert/encoder/layer.1/attention/self/Reshape_2'],-1,141432
158,/model/bert/encoder/layer.1/attention/self/key/Add,Add,['/model/bert/encoder/layer.1/attention/self/Reshape'],-1,141432
159,/model/bert/encoder/layer.1/attention/self/value/Add,Add,['/model/bert/encoder/layer.1/attention/self/Reshape_1'],-1,141432
160,/model/bert/encoder/layer.1/attention/self/Reshape_2,Reshape,['/model/bert/encoder/layer.1/attention/self/Transpose_1'],-1,143690
161,/model/bert/encoder/layer.1/attention/self/Reshape,Reshape,['/model/bert/encoder/layer.1/attention/self/Transpose_2'],-1,143690
162,/model/bert/encoder/layer.1/attention/self/Reshape_1,Reshape,['/model/bert/encoder/layer.1/attention/self/Transpose'],-1,143690
163,/model/bert/encoder/layer.1/attention/self/Transpose_1,Transpose,['/model/bert/encoder/layer.1/attention/self/MatMul'],-1,142097
164,/model/bert/encoder/layer.1/attention/self/Transpose_2,Transpose,['/model/bert/encoder/layer.1/attention/self/MatMul'],-1,142097
165,/model/bert/encoder/layer.1/attention/self/Transpose,Transpose,['/model/bert/encoder/layer.1/attention/self/MatMul_1'],-1,142097
166,/model/bert/encoder/layer.1/attention/self/MatMul,MatMul,['/model/bert/encoder/layer.1/attention/self/Div'],-1,166809
167,/model/bert/encoder/layer.1/attention/self/Div,Div,['/model/bert/encoder/layer.1/attention/self/Add'],-1,340873
168,/model/bert/encoder/layer.1/attention/self/Add,Add,['/model/bert/encoder/layer.1/attention/self/Softmax'],-1,141800
169,/model/bert/encoder/layer.1/attention/self/Softmax,Softmax,['/model/bert/encoder/layer.1/attention/self/MatMul_1'],-1,142900
170,/model/bert/encoder/layer.1/attention/self/MatMul_1,MatMul,['/model/bert/encoder/layer.1/attention/self/Transpose_3'],-1,166809
171,/model/bert/encoder/layer.1/attention/self/Transpose_3,Transpose,['/model/bert/encoder/layer.1/attention/self/Reshape_3'],-1,142097
172,/model/bert/encoder/layer.1/attention/self/Reshape_3,Reshape,['/model/bert/encoder/layer.1/attention/output/dense/MatMul'],-1,143690
173,/model/bert/encoder/layer.1/attention/output/dense/MatMul,MatMul,['/model/bert/encoder/layer.1/attention/output/dense/Add'],-1,113530
174,/model/bert/encoder/layer.1/attention/output/dense/Add,Add,['/model/bert/encoder/layer.1/attention/output/Add'],-1,143924
175,/model/bert/encoder/layer.1/attention/output/Add,Add,"['/model/bert/encoder/layer.1/attention/output/LayerNorm/ReduceMean', '/model/bert/encoder/layer.1/attention/output/LayerNorm/Sub']",-1,141432
176,/model/bert/encoder/layer.1/attention/output/LayerNorm/ReduceMean,ReduceMean,['/model/bert/encoder/layer.1/attention/output/LayerNorm/Sub'],-1,404743
177,/model/bert/encoder/layer.1/attention/output/LayerNorm/Sub,Sub,"['/model/bert/encoder/layer.1/attention/output/LayerNorm/Pow', '/model/bert/encoder/layer.1/attention/output/LayerNorm/Div']",-1,141432
178,/model/bert/encoder/layer.1/attention/output/LayerNorm/Pow,Pow,['/model/bert/encoder/layer.1/attention/output/LayerNorm/ReduceMean_1'],-1,201110
179,/model/bert/encoder/layer.1/attention/output/LayerNorm/ReduceMean_1,ReduceMean,['/model/bert/encoder/layer.1/attention/output/LayerNorm/Add'],-1,404743
180,/model/bert/encoder/layer.1/attention/output/LayerNorm/Add,Add,['/model/bert/encoder/layer.1/attention/output/LayerNorm/Sqrt'],-1,141432
181,/model/bert/encoder/layer.1/attention/output/LayerNorm/Sqrt,Sqrt,['/model/bert/encoder/layer.1/attention/output/LayerNorm/Div'],-1,141591
182,/model/bert/encoder/layer.1/attention/output/LayerNorm/Div,Div,['/model/bert/encoder/layer.1/attention/output/LayerNorm/Mul'],-1,340873
183,/model/bert/encoder/layer.1/attention/output/LayerNorm/Mul,Mul,['/model/bert/encoder/layer.1/attention/output/LayerNorm/Add_1'],-1,140045
184,/model/bert/encoder/layer.1/attention/output/LayerNorm/Add_1,Add,"['/model/bert/encoder/layer.1/intermediate/dense/MatMul', '/model/bert/encoder/layer.1/output/Add']",-1,141432
185,/model/bert/encoder/layer.1/intermediate/dense/MatMul,MatMul,['/model/bert/encoder/layer.1/intermediate/dense/Add'],-1,1072295
186,/model/bert/encoder/layer.1/intermediate/dense/Add,Add,"['/model/bert/encoder/layer.1/intermediate/intermediate_act_fn/Div', '/model/bert/encoder/layer.1/intermediate/intermediate_act_fn/Mul']",-1,141432
187,/model/bert/encoder/layer.1/intermediate/intermediate_act_fn/Div,Div,['/model/bert/encoder/layer.1/intermediate/intermediate_act_fn/Erf'],-1,340873
188,/model/bert/encoder/layer.1/intermediate/intermediate_act_fn/Erf,Erf,['/model/bert/encoder/layer.1/intermediate/intermediate_act_fn/Add'],300,300
189,/model/bert/encoder/layer.1/intermediate/intermediate_act_fn/Add,Add,['/model/bert/encoder/layer.1/intermediate/intermediate_act_fn/Mul'],-1,141432
190,/model/bert/encoder/layer.1/intermediate/intermediate_act_fn/Mul,Mul,['/model/bert/encoder/layer.1/intermediate/intermediate_act_fn/Mul_1'],-1,140045
191,/model/bert/encoder/layer.1/intermediate/intermediate_act_fn/Mul_1,Mul,['/model/bert/encoder/layer.1/output/dense/MatMul'],-1,140045
192,/model/bert/encoder/layer.1/output/dense/MatMul,MatMul,['/model/bert/encoder/layer.1/output/dense/Add'],-1,1072295
193,/model/bert/encoder/layer.1/output/dense/Add,Add,['/model/bert/encoder/layer.1/output/Add'],-1,141432
194,/model/bert/encoder/layer.1/output/Add,Add,"['/model/bert/encoder/layer.1/output/LayerNorm/ReduceMean', '/model/bert/encoder/layer.1/output/LayerNorm/Sub']",-1,141432
195,/model/bert/encoder/layer.1/output/LayerNorm/ReduceMean,ReduceMean,['/model/bert/encoder/layer.1/output/LayerNorm/Sub'],-1,404743
196,/model/bert/encoder/layer.1/output/LayerNorm/Sub,Sub,"['/model/bert/encoder/layer.1/output/LayerNorm/Pow', '/model/bert/encoder/layer.1/output/LayerNorm/Div']",-1,141432
197,/model/bert/encoder/layer.1/output/LayerNorm/Pow,Pow,['/model/bert/encoder/layer.1/output/LayerNorm/ReduceMean_1'],-1,201110
198,/model/bert/encoder/layer.1/output/LayerNorm/ReduceMean_1,ReduceMean,['/model/bert/encoder/layer.1/output/LayerNorm/Add'],-1,404743
199,/model/bert/encoder/layer.1/output/LayerNorm/Add,Add,['/model/bert/encoder/layer.1/output/LayerNorm/Sqrt'],-1,141432
200,/model/bert/encoder/layer.1/output/LayerNorm/Sqrt,Sqrt,['/model/bert/encoder/layer.1/output/LayerNorm/Div'],-1,141591
201,/model/bert/encoder/layer.1/output/LayerNorm/Div,Div,['/model/bert/encoder/layer.1/output/LayerNorm/Mul'],-1,340873
202,/model/bert/encoder/layer.1/output/LayerNorm/Mul,Mul,['/model/bert/encoder/layer.1/output/LayerNorm/Add_1'],-1,140045
203,/model/bert/encoder/layer.1/output/LayerNorm/Add_1,Add,"['/model/bert/encoder/layer.2/attention/self/query/MatMul', '/model/bert/encoder/layer.2/attention/self/key/MatMul', '/model/bert/encoder/layer.2/attention/self/value/MatMul', '/model/bert/encoder/layer.2/attention/output/Add']",-1,141432
204,/model/bert/encoder/layer.2/attention/self/query/MatMul,MatMul,['/model/bert/encoder/layer.2/attention/self/query/Add'],-1,113530
205,/model/bert/encoder/layer.2/attention/self/key/MatMul,MatMul,['/model/bert/encoder/layer.2/attention/self/key/Add'],-1,113530
206,/model/bert/encoder/layer.2/attention/self/value/MatMul,MatMul,['/model/bert/encoder/layer.2/attention/self/value/Add'],-1,113530
207,/model/bert/encoder/layer.2/attention/self/query/Add,Add,['/model/bert/encoder/layer.2/attention/self/Reshape_2'],-1,141432
208,/model/bert/encoder/layer.2/attention/self/key/Add,Add,['/model/bert/encoder/layer.2/attention/self/Reshape'],-1,141432
209,/model/bert/encoder/layer.2/attention/self/value/Add,Add,['/model/bert/encoder/layer.2/attention/self/Reshape_1'],-1,141432
210,/model/bert/encoder/layer.2/attention/self/Reshape_2,Reshape,['/model/bert/encoder/layer.2/attention/self/Transpose_1'],-1,143690
211,/model/bert/encoder/layer.2/attention/self/Reshape,Reshape,['/model/bert/encoder/layer.2/attention/self/Transpose_2'],-1,143690
212,/model/bert/encoder/layer.2/attention/self/Reshape_1,Reshape,['/model/bert/encoder/layer.2/attention/self/Transpose'],-1,143690
213,/model/bert/encoder/layer.2/attention/self/Transpose_1,Transpose,['/model/bert/encoder/layer.2/attention/self/MatMul'],-1,142097
214,/model/bert/encoder/layer.2/attention/self/Transpose_2,Transpose,['/model/bert/encoder/layer.2/attention/self/MatMul'],-1,142097
215,/model/bert/encoder/layer.2/attention/self/Transpose,Transpose,['/model/bert/encoder/layer.2/attention/self/MatMul_1'],-1,142097
216,/model/bert/encoder/layer.2/attention/self/MatMul,MatMul,['/model/bert/encoder/layer.2/attention/self/Div'],-1,166809
217,/model/bert/encoder/layer.2/attention/self/Div,Div,['/model/bert/encoder/layer.2/attention/self/Add'],-1,340873
218,/model/bert/encoder/layer.2/attention/self/Add,Add,['/model/bert/encoder/layer.2/attention/self/Softmax'],-1,141800
219,/model/bert/encoder/layer.2/attention/self/Softmax,Softmax,['/model/bert/encoder/layer.2/attention/self/MatMul_1'],-1,142900
220,/model/bert/encoder/layer.2/attention/self/MatMul_1,MatMul,['/model/bert/encoder/layer.2/attention/self/Transpose_3'],-1,166809
221,/model/bert/encoder/layer.2/attention/self/Transpose_3,Transpose,['/model/bert/encoder/layer.2/attention/self/Reshape_3'],-1,142097
222,/model/bert/encoder/layer.2/attention/self/Reshape_3,Reshape,['/model/bert/encoder/layer.2/attention/output/dense/MatMul'],-1,143690
223,/model/bert/encoder/layer.2/attention/output/dense/MatMul,MatMul,['/model/bert/encoder/layer.2/attention/output/dense/Add'],-1,113530
224,/model/bert/encoder/layer.2/attention/output/dense/Add,Add,['/model/bert/encoder/layer.2/attention/output/Add'],-1,143924
225,/model/bert/encoder/layer.2/attention/output/Add,Add,"['/model/bert/encoder/layer.2/attention/output/LayerNorm/ReduceMean', '/model/bert/encoder/layer.2/attention/output/LayerNorm/Sub']",-1,141432
226,/model/bert/encoder/layer.2/attention/output/LayerNorm/ReduceMean,ReduceMean,['/model/bert/encoder/layer.2/attention/output/LayerNorm/Sub'],-1,404743
227,/model/bert/encoder/layer.2/attention/output/LayerNorm/Sub,Sub,"['/model/bert/encoder/layer.2/attention/output/LayerNorm/Pow', '/model/bert/encoder/layer.2/attention/output/LayerNorm/Div']",-1,141432
228,/model/bert/encoder/layer.2/attention/output/LayerNorm/Pow,Pow,['/model/bert/encoder/layer.2/attention/output/LayerNorm/ReduceMean_1'],-1,201110
229,/model/bert/encoder/layer.2/attention/output/LayerNorm/ReduceMean_1,ReduceMean,['/model/bert/encoder/layer.2/attention/output/LayerNorm/Add'],-1,404743
230,/model/bert/encoder/layer.2/attention/output/LayerNorm/Add,Add,['/model/bert/encoder/layer.2/attention/output/LayerNorm/Sqrt'],-1,141432
231,/model/bert/encoder/layer.2/attention/output/LayerNorm/Sqrt,Sqrt,['/model/bert/encoder/layer.2/attention/output/LayerNorm/Div'],-1,141591
232,/model/bert/encoder/layer.2/attention/output/LayerNorm/Div,Div,['/model/bert/encoder/layer.2/attention/output/LayerNorm/Mul'],-1,340873
233,/model/bert/encoder/layer.2/attention/output/LayerNorm/Mul,Mul,['/model/bert/encoder/layer.2/attention/output/LayerNorm/Add_1'],-1,140045
234,/model/bert/encoder/layer.2/attention/output/LayerNorm/Add_1,Add,"['/model/bert/encoder/layer.2/intermediate/dense/MatMul', '/model/bert/encoder/layer.2/output/Add']",-1,141432
235,/model/bert/encoder/layer.2/intermediate/dense/MatMul,MatMul,['/model/bert/encoder/layer.2/intermediate/dense/Add'],-1,1072295
236,/model/bert/encoder/layer.2/intermediate/dense/Add,Add,"['/model/bert/encoder/layer.2/intermediate/intermediate_act_fn/Div', '/model/bert/encoder/layer.2/intermediate/intermediate_act_fn/Mul']",-1,141432
237,/model/bert/encoder/layer.2/intermediate/intermediate_act_fn/Div,Div,['/model/bert/encoder/layer.2/intermediate/intermediate_act_fn/Erf'],-1,340873
238,/model/bert/encoder/layer.2/intermediate/intermediate_act_fn/Erf,Erf,['/model/bert/encoder/layer.2/intermediate/intermediate_act_fn/Add'],300,300
239,/model/bert/encoder/layer.2/intermediate/intermediate_act_fn/Add,Add,['/model/bert/encoder/layer.2/intermediate/intermediate_act_fn/Mul'],-1,141432
240,/model/bert/encoder/layer.2/intermediate/intermediate_act_fn/Mul,Mul,['/model/bert/encoder/layer.2/intermediate/intermediate_act_fn/Mul_1'],-1,140045
241,/model/bert/encoder/layer.2/intermediate/intermediate_act_fn/Mul_1,Mul,['/model/bert/encoder/layer.2/output/dense/MatMul'],-1,140045
242,/model/bert/encoder/layer.2/output/dense/MatMul,MatMul,['/model/bert/encoder/layer.2/output/dense/Add'],-1,1072295
243,/model/bert/encoder/layer.2/output/dense/Add,Add,['/model/bert/encoder/layer.2/output/Add'],-1,141432
244,/model/bert/encoder/layer.2/output/Add,Add,"['/model/bert/encoder/layer.2/output/LayerNorm/ReduceMean', '/model/bert/encoder/layer.2/output/LayerNorm/Sub']",-1,141432
245,/model/bert/encoder/layer.2/output/LayerNorm/ReduceMean,ReduceMean,['/model/bert/encoder/layer.2/output/LayerNorm/Sub'],-1,404743
246,/model/bert/encoder/layer.2/output/LayerNorm/Sub,Sub,"['/model/bert/encoder/layer.2/output/LayerNorm/Pow', '/model/bert/encoder/layer.2/output/LayerNorm/Div']",-1,141432
247,/model/bert/encoder/layer.2/output/LayerNorm/Pow,Pow,['/model/bert/encoder/layer.2/output/LayerNorm/ReduceMean_1'],-1,201110
248,/model/bert/encoder/layer.2/output/LayerNorm/ReduceMean_1,ReduceMean,['/model/bert/encoder/layer.2/output/LayerNorm/Add'],-1,404743
249,/model/bert/encoder/layer.2/output/LayerNorm/Add,Add,['/model/bert/encoder/layer.2/output/LayerNorm/Sqrt'],-1,141432
250,/model/bert/encoder/layer.2/output/LayerNorm/Sqrt,Sqrt,['/model/bert/encoder/layer.2/output/LayerNorm/Div'],-1,141591
251,/model/bert/encoder/layer.2/output/LayerNorm/Div,Div,['/model/bert/encoder/layer.2/output/LayerNorm/Mul'],-1,340873
252,/model/bert/encoder/layer.2/output/LayerNorm/Mul,Mul,['/model/bert/encoder/layer.2/output/LayerNorm/Add_1'],-1,140045
253,/model/bert/encoder/layer.2/output/LayerNorm/Add_1,Add,"['/model/bert/encoder/layer.3/attention/self/query/MatMul', '/model/bert/encoder/layer.3/attention/self/key/MatMul', '/model/bert/encoder/layer.3/attention/self/value/MatMul', '/model/bert/encoder/layer.3/attention/output/Add']",-1,141432
254,/model/bert/encoder/layer.3/attention/self/query/MatMul,MatMul,['/model/bert/encoder/layer.3/attention/self/query/Add'],-1,113530
255,/model/bert/encoder/layer.3/attention/self/key/MatMul,MatMul,['/model/bert/encoder/layer.3/attention/self/key/Add'],-1,113530
256,/model/bert/encoder/layer.3/attention/self/value/MatMul,MatMul,['/model/bert/encoder/layer.3/attention/self/value/Add'],-1,113530
257,/model/bert/encoder/layer.3/attention/self/query/Add,Add,['/model/bert/encoder/layer.3/attention/self/Reshape_2'],-1,141432
258,/model/bert/encoder/layer.3/attention/self/key/Add,Add,['/model/bert/encoder/layer.3/attention/self/Reshape'],-1,141432
259,/model/bert/encoder/layer.3/attention/self/value/Add,Add,['/model/bert/encoder/layer.3/attention/self/Reshape_1'],-1,141432
260,/model/bert/encoder/layer.3/attention/self/Reshape_2,Reshape,['/model/bert/encoder/layer.3/attention/self/Transpose_1'],-1,143690
261,/model/bert/encoder/layer.3/attention/self/Reshape,Reshape,['/model/bert/encoder/layer.3/attention/self/Transpose_2'],-1,143690
262,/model/bert/encoder/layer.3/attention/self/Reshape_1,Reshape,['/model/bert/encoder/layer.3/attention/self/Transpose'],-1,143690
263,/model/bert/encoder/layer.3/attention/self/Transpose_1,Transpose,['/model/bert/encoder/layer.3/attention/self/MatMul'],-1,142097
264,/model/bert/encoder/layer.3/attention/self/Transpose_2,Transpose,['/model/bert/encoder/layer.3/attention/self/MatMul'],-1,142097
265,/model/bert/encoder/layer.3/attention/self/Transpose,Transpose,['/model/bert/encoder/layer.3/attention/self/MatMul_1'],-1,142097
266,/model/bert/encoder/layer.3/attention/self/MatMul,MatMul,['/model/bert/encoder/layer.3/attention/self/Div'],-1,166809
267,/model/bert/encoder/layer.3/attention/self/Div,Div,['/model/bert/encoder/layer.3/attention/self/Add'],-1,340873
268,/model/bert/encoder/layer.3/attention/self/Add,Add,['/model/bert/encoder/layer.3/attention/self/Softmax'],-1,141800
269,/model/bert/encoder/layer.3/attention/self/Softmax,Softmax,['/model/bert/encoder/layer.3/attention/self/MatMul_1'],-1,142900
270,/model/bert/encoder/layer.3/attention/self/MatMul_1,MatMul,['/model/bert/encoder/layer.3/attention/self/Transpose_3'],-1,166809
271,/model/bert/encoder/layer.3/attention/self/Transpose_3,Transpose,['/model/bert/encoder/layer.3/attention/self/Reshape_3'],-1,142097
272,/model/bert/encoder/layer.3/attention/self/Reshape_3,Reshape,['/model/bert/encoder/layer.3/attention/output/dense/MatMul'],-1,143690
273,/model/bert/encoder/layer.3/attention/output/dense/MatMul,MatMul,['/model/bert/encoder/layer.3/attention/output/dense/Add'],-1,113530
274,/model/bert/encoder/layer.3/attention/output/dense/Add,Add,['/model/bert/encoder/layer.3/attention/output/Add'],-1,143924
275,/model/bert/encoder/layer.3/attention/output/Add,Add,"['/model/bert/encoder/layer.3/attention/output/LayerNorm/ReduceMean', '/model/bert/encoder/layer.3/attention/output/LayerNorm/Sub']",-1,141432
276,/model/bert/encoder/layer.3/attention/output/LayerNorm/ReduceMean,ReduceMean,['/model/bert/encoder/layer.3/attention/output/LayerNorm/Sub'],-1,404743
277,/model/bert/encoder/layer.3/attention/output/LayerNorm/Sub,Sub,"['/model/bert/encoder/layer.3/attention/output/LayerNorm/Pow', '/model/bert/encoder/layer.3/attention/output/LayerNorm/Div']",-1,141432
278,/model/bert/encoder/layer.3/attention/output/LayerNorm/Pow,Pow,['/model/bert/encoder/layer.3/attention/output/LayerNorm/ReduceMean_1'],-1,201110
279,/model/bert/encoder/layer.3/attention/output/LayerNorm/ReduceMean_1,ReduceMean,['/model/bert/encoder/layer.3/attention/output/LayerNorm/Add'],-1,404743
280,/model/bert/encoder/layer.3/attention/output/LayerNorm/Add,Add,['/model/bert/encoder/layer.3/attention/output/LayerNorm/Sqrt'],-1,141432
281,/model/bert/encoder/layer.3/attention/output/LayerNorm/Sqrt,Sqrt,['/model/bert/encoder/layer.3/attention/output/LayerNorm/Div'],-1,141591
282,/model/bert/encoder/layer.3/attention/output/LayerNorm/Div,Div,['/model/bert/encoder/layer.3/attention/output/LayerNorm/Mul'],-1,340873
283,/model/bert/encoder/layer.3/attention/output/LayerNorm/Mul,Mul,['/model/bert/encoder/layer.3/attention/output/LayerNorm/Add_1'],-1,140045
284,/model/bert/encoder/layer.3/attention/output/LayerNorm/Add_1,Add,"['/model/bert/encoder/layer.3/intermediate/dense/MatMul', '/model/bert/encoder/layer.3/output/Add']",-1,141432
285,/model/bert/encoder/layer.3/intermediate/dense/MatMul,MatMul,['/model/bert/encoder/layer.3/intermediate/dense/Add'],-1,1072295
286,/model/bert/encoder/layer.3/intermediate/dense/Add,Add,"['/model/bert/encoder/layer.3/intermediate/intermediate_act_fn/Div', '/model/bert/encoder/layer.3/intermediate/intermediate_act_fn/Mul']",-1,141432
287,/model/bert/encoder/layer.3/intermediate/intermediate_act_fn/Div,Div,['/model/bert/encoder/layer.3/intermediate/intermediate_act_fn/Erf'],-1,340873
288,/model/bert/encoder/layer.3/intermediate/intermediate_act_fn/Erf,Erf,['/model/bert/encoder/layer.3/intermediate/intermediate_act_fn/Add'],300,300
289,/model/bert/encoder/layer.3/intermediate/intermediate_act_fn/Add,Add,['/model/bert/encoder/layer.3/intermediate/intermediate_act_fn/Mul'],-1,141432
290,/model/bert/encoder/layer.3/intermediate/intermediate_act_fn/Mul,Mul,['/model/bert/encoder/layer.3/intermediate/intermediate_act_fn/Mul_1'],-1,140045
291,/model/bert/encoder/layer.3/intermediate/intermediate_act_fn/Mul_1,Mul,['/model/bert/encoder/layer.3/output/dense/MatMul'],-1,140045
292,/model/bert/encoder/layer.3/output/dense/MatMul,MatMul,['/model/bert/encoder/layer.3/output/dense/Add'],-1,1072295
293,/model/bert/encoder/layer.3/output/dense/Add,Add,['/model/bert/encoder/layer.3/output/Add'],-1,141432
294,/model/bert/encoder/layer.3/output/Add,Add,"['/model/bert/encoder/layer.3/output/LayerNorm/ReduceMean', '/model/bert/encoder/layer.3/output/LayerNorm/Sub']",-1,141432
295,/model/bert/encoder/layer.3/output/LayerNorm/ReduceMean,ReduceMean,['/model/bert/encoder/layer.3/output/LayerNorm/Sub'],-1,404743
296,/model/bert/encoder/layer.3/output/LayerNorm/Sub,Sub,"['/model/bert/encoder/layer.3/output/LayerNorm/Pow', '/model/bert/encoder/layer.3/output/LayerNorm/Div']",-1,141432
297,/model/bert/encoder/layer.3/output/LayerNorm/Pow,Pow,['/model/bert/encoder/layer.3/output/LayerNorm/ReduceMean_1'],-1,201110
298,/model/bert/encoder/layer.3/output/LayerNorm/ReduceMean_1,ReduceMean,['/model/bert/encoder/layer.3/output/LayerNorm/Add'],-1,404743
299,/model/bert/encoder/layer.3/output/LayerNorm/Add,Add,['/model/bert/encoder/layer.3/output/LayerNorm/Sqrt'],-1,141432
300,/model/bert/encoder/layer.3/output/LayerNorm/Sqrt,Sqrt,['/model/bert/encoder/layer.3/output/LayerNorm/Div'],-1,141591
301,/model/bert/encoder/layer.3/output/LayerNorm/Div,Div,['/model/bert/encoder/layer.3/output/LayerNorm/Mul'],-1,340873
302,/model/bert/encoder/layer.3/output/LayerNorm/Mul,Mul,['/model/bert/encoder/layer.3/output/LayerNorm/Add_1'],-1,140045
303,/model/bert/encoder/layer.3/output/LayerNorm/Add_1,Add,"['/model/bert/encoder/layer.4/attention/self/query/MatMul', '/model/bert/encoder/layer.4/attention/self/key/MatMul', '/model/bert/encoder/layer.4/attention/self/value/MatMul', '/model/bert/encoder/layer.4/attention/output/Add']",-1,141432
304,/model/bert/encoder/layer.4/attention/self/query/MatMul,MatMul,['/model/bert/encoder/layer.4/attention/self/query/Add'],-1,113530
305,/model/bert/encoder/layer.4/attention/self/key/MatMul,MatMul,['/model/bert/encoder/layer.4/attention/self/key/Add'],-1,113530
306,/model/bert/encoder/layer.4/attention/self/value/MatMul,MatMul,['/model/bert/encoder/layer.4/attention/self/value/Add'],-1,113530
307,/model/bert/encoder/layer.4/attention/self/query/Add,Add,['/model/bert/encoder/layer.4/attention/self/Reshape_2'],-1,141432
308,/model/bert/encoder/layer.4/attention/self/key/Add,Add,['/model/bert/encoder/layer.4/attention/self/Reshape'],-1,141432
309,/model/bert/encoder/layer.4/attention/self/value/Add,Add,['/model/bert/encoder/layer.4/attention/self/Reshape_1'],-1,141432
310,/model/bert/encoder/layer.4/attention/self/Reshape_2,Reshape,['/model/bert/encoder/layer.4/attention/self/Transpose_1'],-1,143690
311,/model/bert/encoder/layer.4/attention/self/Reshape,Reshape,['/model/bert/encoder/layer.4/attention/self/Transpose_2'],-1,143690
312,/model/bert/encoder/layer.4/attention/self/Reshape_1,Reshape,['/model/bert/encoder/layer.4/attention/self/Transpose'],-1,143690
313,/model/bert/encoder/layer.4/attention/self/Transpose_1,Transpose,['/model/bert/encoder/layer.4/attention/self/MatMul'],-1,142097
314,/model/bert/encoder/layer.4/attention/self/Transpose_2,Transpose,['/model/bert/encoder/layer.4/attention/self/MatMul'],-1,142097
315,/model/bert/encoder/layer.4/attention/self/Transpose,Transpose,['/model/bert/encoder/layer.4/attention/self/MatMul_1'],-1,142097
316,/model/bert/encoder/layer.4/attention/self/MatMul,MatMul,['/model/bert/encoder/layer.4/attention/self/Div'],-1,166809
317,/model/bert/encoder/layer.4/attention/self/Div,Div,['/model/bert/encoder/layer.4/attention/self/Add'],-1,340873
318,/model/bert/encoder/layer.4/attention/self/Add,Add,['/model/bert/encoder/layer.4/attention/self/Softmax'],-1,141800
319,/model/bert/encoder/layer.4/attention/self/Softmax,Softmax,['/model/bert/encoder/layer.4/attention/self/MatMul_1'],-1,142900
320,/model/bert/encoder/layer.4/attention/self/MatMul_1,MatMul,['/model/bert/encoder/layer.4/attention/self/Transpose_3'],-1,166809
321,/model/bert/encoder/layer.4/attention/self/Transpose_3,Transpose,['/model/bert/encoder/layer.4/attention/self/Reshape_3'],-1,142097
322,/model/bert/encoder/layer.4/attention/self/Reshape_3,Reshape,['/model/bert/encoder/layer.4/attention/output/dense/MatMul'],-1,143690
323,/model/bert/encoder/layer.4/attention/output/dense/MatMul,MatMul,['/model/bert/encoder/layer.4/attention/output/dense/Add'],-1,113530
324,/model/bert/encoder/layer.4/attention/output/dense/Add,Add,['/model/bert/encoder/layer.4/attention/output/Add'],-1,143924
325,/model/bert/encoder/layer.4/attention/output/Add,Add,"['/model/bert/encoder/layer.4/attention/output/LayerNorm/ReduceMean', '/model/bert/encoder/layer.4/attention/output/LayerNorm/Sub']",-1,141432
326,/model/bert/encoder/layer.4/attention/output/LayerNorm/ReduceMean,ReduceMean,['/model/bert/encoder/layer.4/attention/output/LayerNorm/Sub'],-1,404743
327,/model/bert/encoder/layer.4/attention/output/LayerNorm/Sub,Sub,"['/model/bert/encoder/layer.4/attention/output/LayerNorm/Pow', '/model/bert/encoder/layer.4/attention/output/LayerNorm/Div']",-1,141432
328,/model/bert/encoder/layer.4/attention/output/LayerNorm/Pow,Pow,['/model/bert/encoder/layer.4/attention/output/LayerNorm/ReduceMean_1'],-1,201110
329,/model/bert/encoder/layer.4/attention/output/LayerNorm/ReduceMean_1,ReduceMean,['/model/bert/encoder/layer.4/attention/output/LayerNorm/Add'],-1,404743
330,/model/bert/encoder/layer.4/attention/output/LayerNorm/Add,Add,['/model/bert/encoder/layer.4/attention/output/LayerNorm/Sqrt'],-1,141432
331,/model/bert/encoder/layer.4/attention/output/LayerNorm/Sqrt,Sqrt,['/model/bert/encoder/layer.4/attention/output/LayerNorm/Div'],-1,141591
332,/model/bert/encoder/layer.4/attention/output/LayerNorm/Div,Div,['/model/bert/encoder/layer.4/attention/output/LayerNorm/Mul'],-1,340873
333,/model/bert/encoder/layer.4/attention/output/LayerNorm/Mul,Mul,['/model/bert/encoder/layer.4/attention/output/LayerNorm/Add_1'],-1,140045
334,/model/bert/encoder/layer.4/attention/output/LayerNorm/Add_1,Add,"['/model/bert/encoder/layer.4/intermediate/dense/MatMul', '/model/bert/encoder/layer.4/output/Add']",-1,141432
335,/model/bert/encoder/layer.4/intermediate/dense/MatMul,MatMul,['/model/bert/encoder/layer.4/intermediate/dense/Add'],-1,1072295
336,/model/bert/encoder/layer.4/intermediate/dense/Add,Add,"['/model/bert/encoder/layer.4/intermediate/intermediate_act_fn/Div', '/model/bert/encoder/layer.4/intermediate/intermediate_act_fn/Mul']",-1,141432
337,/model/bert/encoder/layer.4/intermediate/intermediate_act_fn/Div,Div,['/model/bert/encoder/layer.4/intermediate/intermediate_act_fn/Erf'],-1,340873
338,/model/bert/encoder/layer.4/intermediate/intermediate_act_fn/Erf,Erf,['/model/bert/encoder/layer.4/intermediate/intermediate_act_fn/Add'],300,300
339,/model/bert/encoder/layer.4/intermediate/intermediate_act_fn/Add,Add,['/model/bert/encoder/layer.4/intermediate/intermediate_act_fn/Mul'],-1,141432
340,/model/bert/encoder/layer.4/intermediate/intermediate_act_fn/Mul,Mul,['/model/bert/encoder/layer.4/intermediate/intermediate_act_fn/Mul_1'],-1,140045
341,/model/bert/encoder/layer.4/intermediate/intermediate_act_fn/Mul_1,Mul,['/model/bert/encoder/layer.4/output/dense/MatMul'],-1,140045
342,/model/bert/encoder/layer.4/output/dense/MatMul,MatMul,['/model/bert/encoder/layer.4/output/dense/Add'],-1,1072295
343,/model/bert/encoder/layer.4/output/dense/Add,Add,['/model/bert/encoder/layer.4/output/Add'],-1,141432
344,/model/bert/encoder/layer.4/output/Add,Add,"['/model/bert/encoder/layer.4/output/LayerNorm/ReduceMean', '/model/bert/encoder/layer.4/output/LayerNorm/Sub']",-1,141432
345,/model/bert/encoder/layer.4/output/LayerNorm/ReduceMean,ReduceMean,['/model/bert/encoder/layer.4/output/LayerNorm/Sub'],-1,404743
346,/model/bert/encoder/layer.4/output/LayerNorm/Sub,Sub,"['/model/bert/encoder/layer.4/output/LayerNorm/Pow', '/model/bert/encoder/layer.4/output/LayerNorm/Div']",-1,141432
347,/model/bert/encoder/layer.4/output/LayerNorm/Pow,Pow,['/model/bert/encoder/layer.4/output/LayerNorm/ReduceMean_1'],-1,201110
348,/model/bert/encoder/layer.4/output/LayerNorm/ReduceMean_1,ReduceMean,['/model/bert/encoder/layer.4/output/LayerNorm/Add'],-1,404743
349,/model/bert/encoder/layer.4/output/LayerNorm/Add,Add,['/model/bert/encoder/layer.4/output/LayerNorm/Sqrt'],-1,141432
350,/model/bert/encoder/layer.4/output/LayerNorm/Sqrt,Sqrt,['/model/bert/encoder/layer.4/output/LayerNorm/Div'],-1,141591
351,/model/bert/encoder/layer.4/output/LayerNorm/Div,Div,['/model/bert/encoder/layer.4/output/LayerNorm/Mul'],-1,340873
352,/model/bert/encoder/layer.4/output/LayerNorm/Mul,Mul,['/model/bert/encoder/layer.4/output/LayerNorm/Add_1'],-1,140045
353,/model/bert/encoder/layer.4/output/LayerNorm/Add_1,Add,"['/model/bert/encoder/layer.5/attention/self/query/MatMul', '/model/bert/encoder/layer.5/attention/self/key/MatMul', '/model/bert/encoder/layer.5/attention/self/value/MatMul', '/model/bert/encoder/layer.5/attention/output/Add']",-1,141432
354,/model/bert/encoder/layer.5/attention/self/query/MatMul,MatMul,['/model/bert/encoder/layer.5/attention/self/query/Add'],-1,113530
355,/model/bert/encoder/layer.5/attention/self/key/MatMul,MatMul,['/model/bert/encoder/layer.5/attention/self/key/Add'],-1,113530
356,/model/bert/encoder/layer.5/attention/self/value/MatMul,MatMul,['/model/bert/encoder/layer.5/attention/self/value/Add'],-1,113530
357,/model/bert/encoder/layer.5/attention/self/query/Add,Add,['/model/bert/encoder/layer.5/attention/self/Reshape_2'],-1,141432
358,/model/bert/encoder/layer.5/attention/self/key/Add,Add,['/model/bert/encoder/layer.5/attention/self/Reshape'],-1,141432
359,/model/bert/encoder/layer.5/attention/self/value/Add,Add,['/model/bert/encoder/layer.5/attention/self/Reshape_1'],-1,141432
360,/model/bert/encoder/layer.5/attention/self/Reshape_2,Reshape,['/model/bert/encoder/layer.5/attention/self/Transpose_1'],-1,143690
361,/model/bert/encoder/layer.5/attention/self/Reshape,Reshape,['/model/bert/encoder/layer.5/attention/self/Transpose_2'],-1,143690
362,/model/bert/encoder/layer.5/attention/self/Reshape_1,Reshape,['/model/bert/encoder/layer.5/attention/self/Transpose'],-1,143690
363,/model/bert/encoder/layer.5/attention/self/Transpose_1,Transpose,['/model/bert/encoder/layer.5/attention/self/MatMul'],-1,142097
364,/model/bert/encoder/layer.5/attention/self/Transpose_2,Transpose,['/model/bert/encoder/layer.5/attention/self/MatMul'],-1,142097
365,/model/bert/encoder/layer.5/attention/self/Transpose,Transpose,['/model/bert/encoder/layer.5/attention/self/MatMul_1'],-1,142097
366,/model/bert/encoder/layer.5/attention/self/MatMul,MatMul,['/model/bert/encoder/layer.5/attention/self/Div'],-1,166809
367,/model/bert/encoder/layer.5/attention/self/Div,Div,['/model/bert/encoder/layer.5/attention/self/Add'],-1,340873
368,/model/bert/encoder/layer.5/attention/self/Add,Add,['/model/bert/encoder/layer.5/attention/self/Softmax'],-1,141800
369,/model/bert/encoder/layer.5/attention/self/Softmax,Softmax,['/model/bert/encoder/layer.5/attention/self/MatMul_1'],-1,142900
370,/model/bert/encoder/layer.5/attention/self/MatMul_1,MatMul,['/model/bert/encoder/layer.5/attention/self/Transpose_3'],-1,166809
371,/model/bert/encoder/layer.5/attention/self/Transpose_3,Transpose,['/model/bert/encoder/layer.5/attention/self/Reshape_3'],-1,142097
372,/model/bert/encoder/layer.5/attention/self/Reshape_3,Reshape,['/model/bert/encoder/layer.5/attention/output/dense/MatMul'],-1,143690
373,/model/bert/encoder/layer.5/attention/output/dense/MatMul,MatMul,['/model/bert/encoder/layer.5/attention/output/dense/Add'],-1,113530
374,/model/bert/encoder/layer.5/attention/output/dense/Add,Add,['/model/bert/encoder/layer.5/attention/output/Add'],-1,143924
375,/model/bert/encoder/layer.5/attention/output/Add,Add,"['/model/bert/encoder/layer.5/attention/output/LayerNorm/ReduceMean', '/model/bert/encoder/layer.5/attention/output/LayerNorm/Sub']",-1,141432
376,/model/bert/encoder/layer.5/attention/output/LayerNorm/ReduceMean,ReduceMean,['/model/bert/encoder/layer.5/attention/output/LayerNorm/Sub'],-1,404743
377,/model/bert/encoder/layer.5/attention/output/LayerNorm/Sub,Sub,"['/model/bert/encoder/layer.5/attention/output/LayerNorm/Pow', '/model/bert/encoder/layer.5/attention/output/LayerNorm/Div']",-1,141432
378,/model/bert/encoder/layer.5/attention/output/LayerNorm/Pow,Pow,['/model/bert/encoder/layer.5/attention/output/LayerNorm/ReduceMean_1'],-1,201110
379,/model/bert/encoder/layer.5/attention/output/LayerNorm/ReduceMean_1,ReduceMean,['/model/bert/encoder/layer.5/attention/output/LayerNorm/Add'],-1,404743
380,/model/bert/encoder/layer.5/attention/output/LayerNorm/Add,Add,['/model/bert/encoder/layer.5/attention/output/LayerNorm/Sqrt'],-1,141432
381,/model/bert/encoder/layer.5/attention/output/LayerNorm/Sqrt,Sqrt,['/model/bert/encoder/layer.5/attention/output/LayerNorm/Div'],-1,141591
382,/model/bert/encoder/layer.5/attention/output/LayerNorm/Div,Div,['/model/bert/encoder/layer.5/attention/output/LayerNorm/Mul'],-1,340873
383,/model/bert/encoder/layer.5/attention/output/LayerNorm/Mul,Mul,['/model/bert/encoder/layer.5/attention/output/LayerNorm/Add_1'],-1,140045
384,/model/bert/encoder/layer.5/attention/output/LayerNorm/Add_1,Add,"['/model/bert/encoder/layer.5/intermediate/dense/MatMul', '/model/bert/encoder/layer.5/output/Add']",-1,141432
385,/model/bert/encoder/layer.5/intermediate/dense/MatMul,MatMul,['/model/bert/encoder/layer.5/intermediate/dense/Add'],-1,1072295
386,/model/bert/encoder/layer.5/intermediate/dense/Add,Add,"['/model/bert/encoder/layer.5/intermediate/intermediate_act_fn/Div', '/model/bert/encoder/layer.5/intermediate/intermediate_act_fn/Mul']",-1,141432
387,/model/bert/encoder/layer.5/intermediate/intermediate_act_fn/Div,Div,['/model/bert/encoder/layer.5/intermediate/intermediate_act_fn/Erf'],-1,340873
388,/model/bert/encoder/layer.5/intermediate/intermediate_act_fn/Erf,Erf,['/model/bert/encoder/layer.5/intermediate/intermediate_act_fn/Add'],300,300
389,/model/bert/encoder/layer.5/intermediate/intermediate_act_fn/Add,Add,['/model/bert/encoder/layer.5/intermediate/intermediate_act_fn/Mul'],-1,141432
390,/model/bert/encoder/layer.5/intermediate/intermediate_act_fn/Mul,Mul,['/model/bert/encoder/layer.5/intermediate/intermediate_act_fn/Mul_1'],-1,140045
391,/model/bert/encoder/layer.5/intermediate/intermediate_act_fn/Mul_1,Mul,['/model/bert/encoder/layer.5/output/dense/MatMul'],-1,140045
392,/model/bert/encoder/layer.5/output/dense/MatMul,MatMul,['/model/bert/encoder/layer.5/output/dense/Add'],-1,1072295
393,/model/bert/encoder/layer.5/output/dense/Add,Add,['/model/bert/encoder/layer.5/output/Add'],-1,141432
394,/model/bert/encoder/layer.5/output/Add,Add,"['/model/bert/encoder/layer.5/output/LayerNorm/ReduceMean', '/model/bert/encoder/layer.5/output/LayerNorm/Sub']",-1,141432
395,/model/bert/encoder/layer.5/output/LayerNorm/ReduceMean,ReduceMean,['/model/bert/encoder/layer.5/output/LayerNorm/Sub'],-1,404743
396,/model/bert/encoder/layer.5/output/LayerNorm/Sub,Sub,"['/model/bert/encoder/layer.5/output/LayerNorm/Pow', '/model/bert/encoder/layer.5/output/LayerNorm/Div']",-1,141432
397,/model/bert/encoder/layer.5/output/LayerNorm/Pow,Pow,['/model/bert/encoder/layer.5/output/LayerNorm/ReduceMean_1'],-1,201110
398,/model/bert/encoder/layer.5/output/LayerNorm/ReduceMean_1,ReduceMean,['/model/bert/encoder/layer.5/output/LayerNorm/Add'],-1,404743
399,/model/bert/encoder/layer.5/output/LayerNorm/Add,Add,['/model/bert/encoder/layer.5/output/LayerNorm/Sqrt'],-1,141432
400,/model/bert/encoder/layer.5/output/LayerNorm/Sqrt,Sqrt,['/model/bert/encoder/layer.5/output/LayerNorm/Div'],-1,141591
401,/model/bert/encoder/layer.5/output/LayerNorm/Div,Div,['/model/bert/encoder/layer.5/output/LayerNorm/Mul'],-1,340873
402,/model/bert/encoder/layer.5/output/LayerNorm/Mul,Mul,['/model/bert/encoder/layer.5/output/LayerNorm/Add_1'],-1,140045
403,/model/bert/encoder/layer.5/output/LayerNorm/Add_1,Add,['/model/bert/pooler/Gather'],-1,141432
404,/model/bert/pooler/Gather,Gather,['/model/bert/pooler/dense/Gemm'],-1,139055
405,/model/bert/pooler/dense/Gemm,Gemm,['/model/bert/pooler/activation/Tanh'],300,300
406,/model/bert/pooler/activation/Tanh,Tanh,['/model/classifier/Gemm'],-1,146740
407,/model/classifier/Gemm,Gemm,[],300,300
