,op_id,op_type,suc,read,write,maca,cv_dsp
0,TFLITE2ONNX_FAF_InceptionV4/InceptionV4/Conv2d_1a_3x3/Relu,Conv,['InceptionV4/InceptionV4/Conv2d_1a_3x3/Relu'],83265,70466,11650,6532990
1,InceptionV4/InceptionV4/Conv2d_1a_3x3/Relu,Relu,['TFLITE2ONNX_FAF_InceptionV4/InceptionV4/Conv2d_2a_3x3/Relu'],0,70466,94957,94957
2,TFLITE2ONNX_FAF_InceptionV4/InceptionV4/Conv2d_2a_3x3/Relu,Conv,['InceptionV4/InceptionV4/Conv2d_2a_3x3/Relu'],0,72743,21125,2171277
3,InceptionV4/InceptionV4/Conv2d_2a_3x3/Relu,Relu,['TFLITE2ONNX_FAF_InceptionV4/InceptionV4/Conv2d_2b_3x3/Relu'],124102,72743,91007,91007
4,TFLITE2ONNX_FAF_InceptionV4/InceptionV4/Conv2d_2b_3x3/Relu,Conv,['InceptionV4/InceptionV4/Conv2d_2b_3x3/Relu'],0,213598,32592,592472
5,InceptionV4/InceptionV4/Conv2d_2b_3x3/Relu,Relu,"['InceptionV4/InceptionV4/Mixed_3a/Branch_0/MaxPool_0a_3x3/MaxPool', 'TFLITE2ONNX_FAF_InceptionV4/InceptionV4/Mixed_3a/Branch_1/Conv2d_0a_3x3/Relu']",294426,213598,171020,171020
6,InceptionV4/InceptionV4/Mixed_3a/Branch_0/MaxPool_0a_3x3/MaxPool,MaxPool,['InceptionV4/InceptionV4/Mixed_3a/concat'],294426,29573,22988,926790
7,TFLITE2ONNX_FAF_InceptionV4/InceptionV4/Mixed_3a/Branch_1/Conv2d_0a_3x3/Relu,Conv,['InceptionV4/InceptionV4/Mixed_3a/Branch_1/Conv2d_0a_3x3/Relu'],294426,29165,37466,2835998
8,InceptionV4/InceptionV4/Mixed_3a/Branch_1/Conv2d_0a_3x3/Relu,Relu,['InceptionV4/InceptionV4/Mixed_3a/concat'],125920,29165,76503,76503
9,InceptionV4/InceptionV4/Mixed_3a/concat,Concat,"['TFLITE2ONNX_FAF_InceptionV4/InceptionV4/Mixed_4a/Branch_0/Conv2d_0a_1x1/Relu', 'TFLITE2ONNX_FAF_InceptionV4/InceptionV4/Mixed_4a/Branch_1/Conv2d_0a_1x1/Relu']",0,48313,32274,32274
10,TFLITE2ONNX_FAF_InceptionV4/InceptionV4/Mixed_4a/Branch_0/Conv2d_0a_1x1/Relu,Conv,['InceptionV4/InceptionV4/Mixed_4a/Branch_0/Conv2d_0a_1x1/Relu'],0,29573,8007,387238
11,TFLITE2ONNX_FAF_InceptionV4/InceptionV4/Mixed_4a/Branch_1/Conv2d_0a_1x1/Relu,Conv,['InceptionV4/InceptionV4/Mixed_4a/Branch_1/Conv2d_0a_1x1/Relu'],0,29573,8007,387238
12,InceptionV4/InceptionV4/Mixed_4a/Branch_0/Conv2d_0a_1x1/Relu,Relu,['TFLITE2ONNX_FAF_InceptionV4/InceptionV4/Mixed_4a/Branch_0/Conv2d_1a_3x3/Relu'],83265,29573,51605,51605
13,InceptionV4/InceptionV4/Mixed_4a/Branch_1/Conv2d_0a_1x1/Relu,Relu,['TFLITE2ONNX_FAF_InceptionV4/InceptionV4/Mixed_4a/Branch_1/Conv2d_0b_1x7/Relu'],83265,29573,51605,51605
14,TFLITE2ONNX_FAF_InceptionV4/InceptionV4/Mixed_4a/Branch_0/Conv2d_1a_3x3/Relu,Conv,['InceptionV4/InceptionV4/Mixed_4a/Branch_0/Conv2d_1a_3x3/Relu'],0,29165,25704,592472
15,TFLITE2ONNX_FAF_InceptionV4/InceptionV4/Mixed_4a/Branch_1/Conv2d_0b_1x7/Relu,Conv,['InceptionV4/InceptionV4/Mixed_4a/Branch_1/Conv2d_0b_1x7/Relu'],0,29573,13579,2171277
16,InceptionV4/InceptionV4/Mixed_4a/Branch_0/Conv2d_1a_3x3/Relu,Relu,['InceptionV4/InceptionV4/Mixed_4a/concat'],125920,29165,70145,70145
17,InceptionV4/InceptionV4/Mixed_4a/Branch_1/Conv2d_0b_1x7/Relu,Relu,['TFLITE2ONNX_FAF_InceptionV4/InceptionV4/Mixed_4a/Branch_1/Conv2d_0c_7x1/Relu'],83265,29573,51605,51605
18,TFLITE2ONNX_FAF_InceptionV4/InceptionV4/Mixed_4a/Branch_1/Conv2d_0c_7x1/Relu,Conv,['InceptionV4/InceptionV4/Mixed_4a/Branch_1/Conv2d_0c_7x1/Relu'],0,29573,13579,2171277
19,InceptionV4/InceptionV4/Mixed_4a/Branch_1/Conv2d_0c_7x1/Relu,Relu,['TFLITE2ONNX_FAF_InceptionV4/InceptionV4/Mixed_4a/Branch_1/Conv2d_1a_3x3/Relu'],83265,29573,51605,51605
20,TFLITE2ONNX_FAF_InceptionV4/InceptionV4/Mixed_4a/Branch_1/Conv2d_1a_3x3/Relu,Conv,['InceptionV4/InceptionV4/Mixed_4a/Branch_1/Conv2d_1a_3x3/Relu'],0,29165,25704,592472
21,InceptionV4/InceptionV4/Mixed_4a/Branch_1/Conv2d_1a_3x3/Relu,Relu,['InceptionV4/InceptionV4/Mixed_4a/concat'],125920,29165,70145,70145
22,InceptionV4/InceptionV4/Mixed_4a/concat,Concat,"['TFLITE2ONNX_FAF_InceptionV4/InceptionV4/Mixed_5a/Branch_0/Conv2d_1a_3x3/Relu', 'InceptionV4/InceptionV4/Mixed_5a/Branch_1/MaxPool_1a_3x3/MaxPool']",152821,48313,42948,42948
23,TFLITE2ONNX_FAF_InceptionV4/InceptionV4/Mixed_5a/Branch_0/Conv2d_1a_3x3/Relu,Conv,['InceptionV4/InceptionV4/Mixed_5a/Branch_0/Conv2d_1a_3x3/Relu'],191516,11756,46090,2835998
24,InceptionV4/InceptionV4/Mixed_5a/Branch_1/MaxPool_1a_3x3/MaxPool,MaxPool,['InceptionV4/InceptionV4/Mixed_5a/concat'],152821,11756,26382,1001635
25,InceptionV4/InceptionV4/Mixed_5a/Branch_0/Conv2d_1a_3x3/Relu,Relu,['InceptionV4/InceptionV4/Mixed_5a/concat'],113706,11756,36316,36316
26,InceptionV4/InceptionV4/Mixed_5a/concat,Concat,"['TFLITE2ONNX_FAF_InceptionV4/InceptionV4/Mixed_5b/Branch_0/Conv2d_0a_1x1/Relu', 'TFLITE2ONNX_FAF_InceptionV4/InceptionV4/Mixed_5b/Branch_1/Conv2d_0a_1x1/Relu', 'TFLITE2ONNX_FAF_InceptionV4/InceptionV4/Mixed_5b/Branch_2/Conv2d_0a_1x1/Relu', 'InceptionV4/InceptionV4/Mixed_5b/Branch_3/AvgPool_0a_3x3/AvgPool']",125920,15127,19765,19765
27,TFLITE2ONNX_FAF_InceptionV4/InceptionV4/Mixed_5b/Branch_0/Conv2d_0a_1x1/Relu,Conv,['InceptionV4/InceptionV4/Mixed_5b/Branch_0/Conv2d_0a_1x1/Relu'],125920,5700,8775,821606
28,TFLITE2ONNX_FAF_InceptionV4/InceptionV4/Mixed_5b/Branch_1/Conv2d_0a_1x1/Relu,Conv,['InceptionV4/InceptionV4/Mixed_5b/Branch_1/Conv2d_0a_1x1/Relu'],125920,5700,11970,821606
29,TFLITE2ONNX_FAF_InceptionV4/InceptionV4/Mixed_5b/Branch_2/Conv2d_0a_1x1/Relu,Conv,['InceptionV4/InceptionV4/Mixed_5b/Branch_2/Conv2d_0a_1x1/Relu'],125920,5700,11970,821606
30,InceptionV4/InceptionV4/Mixed_5b/Branch_3/AvgPool_0a_3x3/AvgPool,AveragePool,['TFLITE2ONNX_FAF_InceptionV4/InceptionV4/Mixed_5b/Branch_3/Conv2d_0b_1x1/Relu'],125920,15127,13296,268318
31,InceptionV4/InceptionV4/Mixed_5b/Branch_0/Conv2d_0a_1x1/Relu,Relu,['InceptionV4/InceptionV4/Mixed_5b/concat'],133602,5700,19976,19976
32,InceptionV4/InceptionV4/Mixed_5b/Branch_1/Conv2d_0a_1x1/Relu,Relu,['TFLITE2ONNX_FAF_InceptionV4/InceptionV4/Mixed_5b/Branch_1/Conv2d_0b_3x3/Relu'],133602,5700,13648,13648
33,InceptionV4/InceptionV4/Mixed_5b/Branch_2/Conv2d_0a_1x1/Relu,Relu,['TFLITE2ONNX_FAF_InceptionV4/InceptionV4/Mixed_5b/Branch_2/Conv2d_0b_3x3/Relu'],133602,5700,13648,13648
34,TFLITE2ONNX_FAF_InceptionV4/InceptionV4/Mixed_5b/Branch_3/Conv2d_0b_1x1/Relu,Conv,['InceptionV4/InceptionV4/Mixed_5b/Branch_3/Conv2d_0b_1x1/Relu'],125920,5700,8775,821606
35,TFLITE2ONNX_FAF_InceptionV4/InceptionV4/Mixed_5b/Branch_1/Conv2d_0b_3x3/Relu,Conv,['InceptionV4/InceptionV4/Mixed_5b/Branch_1/Conv2d_0b_3x3/Relu'],80323,5700,8270,387238
36,TFLITE2ONNX_FAF_InceptionV4/InceptionV4/Mixed_5b/Branch_2/Conv2d_0b_3x3/Relu,Conv,['InceptionV4/InceptionV4/Mixed_5b/Branch_2/Conv2d_0b_3x3/Relu'],80323,5700,8270,387238
37,InceptionV4/InceptionV4/Mixed_5b/Branch_3/Conv2d_0b_1x1/Relu,Relu,['InceptionV4/InceptionV4/Mixed_5b/concat'],133602,5700,19976,19976
38,InceptionV4/InceptionV4/Mixed_5b/Branch_1/Conv2d_0b_3x3/Relu,Relu,['InceptionV4/InceptionV4/Mixed_5b/concat'],133602,5700,19976,19976
39,InceptionV4/InceptionV4/Mixed_5b/Branch_2/Conv2d_0b_3x3/Relu,Relu,['TFLITE2ONNX_FAF_InceptionV4/InceptionV4/Mixed_5b/Branch_2/Conv2d_0c_3x3/Relu'],133602,5700,19976,19976
40,TFLITE2ONNX_FAF_InceptionV4/InceptionV4/Mixed_5b/Branch_2/Conv2d_0c_3x3/Relu,Conv,['InceptionV4/InceptionV4/Mixed_5b/Branch_2/Conv2d_0c_3x3/Relu'],113706,5700,10034,6532990
41,InceptionV4/InceptionV4/Mixed_5b/Branch_2/Conv2d_0c_3x3/Relu,Relu,['InceptionV4/InceptionV4/Mixed_5b/concat'],133602,5700,19976,19976
42,InceptionV4/InceptionV4/Mixed_5b/concat,Concat,"['TFLITE2ONNX_FAF_InceptionV4/InceptionV4/Mixed_5c/Branch_0/Conv2d_0a_1x1/Relu', 'TFLITE2ONNX_FAF_InceptionV4/InceptionV4/Mixed_5c/Branch_1/Conv2d_0a_1x1/Relu', 'TFLITE2ONNX_FAF_InceptionV4/InceptionV4/Mixed_5c/Branch_2/Conv2d_0a_1x1/Relu', 'InceptionV4/InceptionV4/Mixed_5c/Branch_3/AvgPool_0a_3x3/AvgPool']",125920,15127,19765,19765
43,TFLITE2ONNX_FAF_InceptionV4/InceptionV4/Mixed_5c/Branch_0/Conv2d_0a_1x1/Relu,Conv,['InceptionV4/InceptionV4/Mixed_5c/Branch_0/Conv2d_0a_1x1/Relu'],125920,5700,8775,821606
44,TFLITE2ONNX_FAF_InceptionV4/InceptionV4/Mixed_5c/Branch_1/Conv2d_0a_1x1/Relu,Conv,['InceptionV4/InceptionV4/Mixed_5c/Branch_1/Conv2d_0a_1x1/Relu'],125920,5700,11970,821606
45,TFLITE2ONNX_FAF_InceptionV4/InceptionV4/Mixed_5c/Branch_2/Conv2d_0a_1x1/Relu,Conv,['InceptionV4/InceptionV4/Mixed_5c/Branch_2/Conv2d_0a_1x1/Relu'],125920,5700,11970,821606
46,InceptionV4/InceptionV4/Mixed_5c/Branch_3/AvgPool_0a_3x3/AvgPool,AveragePool,['TFLITE2ONNX_FAF_InceptionV4/InceptionV4/Mixed_5c/Branch_3/Conv2d_0b_1x1/Relu'],125920,15127,13296,268318
47,InceptionV4/InceptionV4/Mixed_5c/Branch_0/Conv2d_0a_1x1/Relu,Relu,['InceptionV4/InceptionV4/Mixed_5c/concat'],133602,5700,19976,19976
48,InceptionV4/InceptionV4/Mixed_5c/Branch_1/Conv2d_0a_1x1/Relu,Relu,['TFLITE2ONNX_FAF_InceptionV4/InceptionV4/Mixed_5c/Branch_1/Conv2d_0b_3x3/Relu'],133602,5700,13648,13648
49,InceptionV4/InceptionV4/Mixed_5c/Branch_2/Conv2d_0a_1x1/Relu,Relu,['TFLITE2ONNX_FAF_InceptionV4/InceptionV4/Mixed_5c/Branch_2/Conv2d_0b_3x3/Relu'],133602,5700,13648,13648
50,TFLITE2ONNX_FAF_InceptionV4/InceptionV4/Mixed_5c/Branch_3/Conv2d_0b_1x1/Relu,Conv,['InceptionV4/InceptionV4/Mixed_5c/Branch_3/Conv2d_0b_1x1/Relu'],125920,5700,8775,821606
51,TFLITE2ONNX_FAF_InceptionV4/InceptionV4/Mixed_5c/Branch_1/Conv2d_0b_3x3/Relu,Conv,['InceptionV4/InceptionV4/Mixed_5c/Branch_1/Conv2d_0b_3x3/Relu'],80323,5700,8270,387238
52,TFLITE2ONNX_FAF_InceptionV4/InceptionV4/Mixed_5c/Branch_2/Conv2d_0b_3x3/Relu,Conv,['InceptionV4/InceptionV4/Mixed_5c/Branch_2/Conv2d_0b_3x3/Relu'],80323,5700,8270,387238
53,InceptionV4/InceptionV4/Mixed_5c/Branch_3/Conv2d_0b_1x1/Relu,Relu,['InceptionV4/InceptionV4/Mixed_5c/concat'],133602,5700,19976,19976
54,InceptionV4/InceptionV4/Mixed_5c/Branch_1/Conv2d_0b_3x3/Relu,Relu,['InceptionV4/InceptionV4/Mixed_5c/concat'],133602,5700,19976,19976
55,InceptionV4/InceptionV4/Mixed_5c/Branch_2/Conv2d_0b_3x3/Relu,Relu,['TFLITE2ONNX_FAF_InceptionV4/InceptionV4/Mixed_5c/Branch_2/Conv2d_0c_3x3/Relu'],133602,5700,19976,19976
56,TFLITE2ONNX_FAF_InceptionV4/InceptionV4/Mixed_5c/Branch_2/Conv2d_0c_3x3/Relu,Conv,['InceptionV4/InceptionV4/Mixed_5c/Branch_2/Conv2d_0c_3x3/Relu'],113706,5700,10034,6532990
57,InceptionV4/InceptionV4/Mixed_5c/Branch_2/Conv2d_0c_3x3/Relu,Relu,['InceptionV4/InceptionV4/Mixed_5c/concat'],133602,5700,19976,19976
58,InceptionV4/InceptionV4/Mixed_5c/concat,Concat,"['TFLITE2ONNX_FAF_InceptionV4/InceptionV4/Mixed_5d/Branch_0/Conv2d_0a_1x1/Relu', 'TFLITE2ONNX_FAF_InceptionV4/InceptionV4/Mixed_5d/Branch_1/Conv2d_0a_1x1/Relu', 'TFLITE2ONNX_FAF_InceptionV4/InceptionV4/Mixed_5d/Branch_2/Conv2d_0a_1x1/Relu', 'InceptionV4/InceptionV4/Mixed_5d/Branch_3/AvgPool_0a_3x3/AvgPool']",125920,15127,19765,19765
59,TFLITE2ONNX_FAF_InceptionV4/InceptionV4/Mixed_5d/Branch_0/Conv2d_0a_1x1/Relu,Conv,['InceptionV4/InceptionV4/Mixed_5d/Branch_0/Conv2d_0a_1x1/Relu'],125920,5700,8775,821606
60,TFLITE2ONNX_FAF_InceptionV4/InceptionV4/Mixed_5d/Branch_1/Conv2d_0a_1x1/Relu,Conv,['InceptionV4/InceptionV4/Mixed_5d/Branch_1/Conv2d_0a_1x1/Relu'],125920,5700,11970,821606
61,TFLITE2ONNX_FAF_InceptionV4/InceptionV4/Mixed_5d/Branch_2/Conv2d_0a_1x1/Relu,Conv,['InceptionV4/InceptionV4/Mixed_5d/Branch_2/Conv2d_0a_1x1/Relu'],125920,5700,11970,821606
62,InceptionV4/InceptionV4/Mixed_5d/Branch_3/AvgPool_0a_3x3/AvgPool,AveragePool,['TFLITE2ONNX_FAF_InceptionV4/InceptionV4/Mixed_5d/Branch_3/Conv2d_0b_1x1/Relu'],125920,15127,13296,268318
63,InceptionV4/InceptionV4/Mixed_5d/Branch_0/Conv2d_0a_1x1/Relu,Relu,['InceptionV4/InceptionV4/Mixed_5d/concat'],133602,5700,19976,19976
64,InceptionV4/InceptionV4/Mixed_5d/Branch_1/Conv2d_0a_1x1/Relu,Relu,['TFLITE2ONNX_FAF_InceptionV4/InceptionV4/Mixed_5d/Branch_1/Conv2d_0b_3x3/Relu'],133602,5700,13648,13648
65,InceptionV4/InceptionV4/Mixed_5d/Branch_2/Conv2d_0a_1x1/Relu,Relu,['TFLITE2ONNX_FAF_InceptionV4/InceptionV4/Mixed_5d/Branch_2/Conv2d_0b_3x3/Relu'],133602,5700,13648,13648
66,TFLITE2ONNX_FAF_InceptionV4/InceptionV4/Mixed_5d/Branch_3/Conv2d_0b_1x1/Relu,Conv,['InceptionV4/InceptionV4/Mixed_5d/Branch_3/Conv2d_0b_1x1/Relu'],125920,5700,8775,821606
67,TFLITE2ONNX_FAF_InceptionV4/InceptionV4/Mixed_5d/Branch_1/Conv2d_0b_3x3/Relu,Conv,['InceptionV4/InceptionV4/Mixed_5d/Branch_1/Conv2d_0b_3x3/Relu'],80323,5700,8270,387238
68,TFLITE2ONNX_FAF_InceptionV4/InceptionV4/Mixed_5d/Branch_2/Conv2d_0b_3x3/Relu,Conv,['InceptionV4/InceptionV4/Mixed_5d/Branch_2/Conv2d_0b_3x3/Relu'],80323,5700,8270,387238
69,InceptionV4/InceptionV4/Mixed_5d/Branch_3/Conv2d_0b_1x1/Relu,Relu,['InceptionV4/InceptionV4/Mixed_5d/concat'],133602,5700,19976,19976
70,InceptionV4/InceptionV4/Mixed_5d/Branch_1/Conv2d_0b_3x3/Relu,Relu,['InceptionV4/InceptionV4/Mixed_5d/concat'],133602,5700,19976,19976
71,InceptionV4/InceptionV4/Mixed_5d/Branch_2/Conv2d_0b_3x3/Relu,Relu,['TFLITE2ONNX_FAF_InceptionV4/InceptionV4/Mixed_5d/Branch_2/Conv2d_0c_3x3/Relu'],133602,5700,19976,19976
72,TFLITE2ONNX_FAF_InceptionV4/InceptionV4/Mixed_5d/Branch_2/Conv2d_0c_3x3/Relu,Conv,['InceptionV4/InceptionV4/Mixed_5d/Branch_2/Conv2d_0c_3x3/Relu'],113706,5700,10034,6532990
73,InceptionV4/InceptionV4/Mixed_5d/Branch_2/Conv2d_0c_3x3/Relu,Relu,['InceptionV4/InceptionV4/Mixed_5d/concat'],133602,5700,19976,19976
74,InceptionV4/InceptionV4/Mixed_5d/concat,Concat,"['TFLITE2ONNX_FAF_InceptionV4/InceptionV4/Mixed_5e/Branch_0/Conv2d_0a_1x1/Relu', 'TFLITE2ONNX_FAF_InceptionV4/InceptionV4/Mixed_5e/Branch_1/Conv2d_0a_1x1/Relu', 'TFLITE2ONNX_FAF_InceptionV4/InceptionV4/Mixed_5e/Branch_2/Conv2d_0a_1x1/Relu', 'InceptionV4/InceptionV4/Mixed_5e/Branch_3/AvgPool_0a_3x3/AvgPool']",125920,15127,19765,19765
75,TFLITE2ONNX_FAF_InceptionV4/InceptionV4/Mixed_5e/Branch_0/Conv2d_0a_1x1/Relu,Conv,['InceptionV4/InceptionV4/Mixed_5e/Branch_0/Conv2d_0a_1x1/Relu'],125920,5700,8775,821606
76,TFLITE2ONNX_FAF_InceptionV4/InceptionV4/Mixed_5e/Branch_1/Conv2d_0a_1x1/Relu,Conv,['InceptionV4/InceptionV4/Mixed_5e/Branch_1/Conv2d_0a_1x1/Relu'],125920,5700,11970,821606
77,TFLITE2ONNX_FAF_InceptionV4/InceptionV4/Mixed_5e/Branch_2/Conv2d_0a_1x1/Relu,Conv,['InceptionV4/InceptionV4/Mixed_5e/Branch_2/Conv2d_0a_1x1/Relu'],125920,5700,11970,821606
78,InceptionV4/InceptionV4/Mixed_5e/Branch_3/AvgPool_0a_3x3/AvgPool,AveragePool,['TFLITE2ONNX_FAF_InceptionV4/InceptionV4/Mixed_5e/Branch_3/Conv2d_0b_1x1/Relu'],125920,15127,13296,268318
79,InceptionV4/InceptionV4/Mixed_5e/Branch_0/Conv2d_0a_1x1/Relu,Relu,['InceptionV4/InceptionV4/Mixed_5e/concat'],133602,5700,19976,19976
80,InceptionV4/InceptionV4/Mixed_5e/Branch_1/Conv2d_0a_1x1/Relu,Relu,['TFLITE2ONNX_FAF_InceptionV4/InceptionV4/Mixed_5e/Branch_1/Conv2d_0b_3x3/Relu'],133602,5700,13648,13648
81,InceptionV4/InceptionV4/Mixed_5e/Branch_2/Conv2d_0a_1x1/Relu,Relu,['TFLITE2ONNX_FAF_InceptionV4/InceptionV4/Mixed_5e/Branch_2/Conv2d_0b_3x3/Relu'],133602,5700,13648,13648
82,TFLITE2ONNX_FAF_InceptionV4/InceptionV4/Mixed_5e/Branch_3/Conv2d_0b_1x1/Relu,Conv,['InceptionV4/InceptionV4/Mixed_5e/Branch_3/Conv2d_0b_1x1/Relu'],125920,5700,8775,821606
83,TFLITE2ONNX_FAF_InceptionV4/InceptionV4/Mixed_5e/Branch_1/Conv2d_0b_3x3/Relu,Conv,['InceptionV4/InceptionV4/Mixed_5e/Branch_1/Conv2d_0b_3x3/Relu'],80323,5700,8270,387238
84,TFLITE2ONNX_FAF_InceptionV4/InceptionV4/Mixed_5e/Branch_2/Conv2d_0b_3x3/Relu,Conv,['InceptionV4/InceptionV4/Mixed_5e/Branch_2/Conv2d_0b_3x3/Relu'],80323,5700,8270,387238
85,InceptionV4/InceptionV4/Mixed_5e/Branch_3/Conv2d_0b_1x1/Relu,Relu,['InceptionV4/InceptionV4/Mixed_5e/concat'],133602,5700,19976,19976
86,InceptionV4/InceptionV4/Mixed_5e/Branch_1/Conv2d_0b_3x3/Relu,Relu,['InceptionV4/InceptionV4/Mixed_5e/concat'],133602,5700,19976,19976
87,InceptionV4/InceptionV4/Mixed_5e/Branch_2/Conv2d_0b_3x3/Relu,Relu,['TFLITE2ONNX_FAF_InceptionV4/InceptionV4/Mixed_5e/Branch_2/Conv2d_0c_3x3/Relu'],133602,5700,19976,19976
88,TFLITE2ONNX_FAF_InceptionV4/InceptionV4/Mixed_5e/Branch_2/Conv2d_0c_3x3/Relu,Conv,['InceptionV4/InceptionV4/Mixed_5e/Branch_2/Conv2d_0c_3x3/Relu'],113706,5700,10034,6532990
89,InceptionV4/InceptionV4/Mixed_5e/Branch_2/Conv2d_0c_3x3/Relu,Relu,['InceptionV4/InceptionV4/Mixed_5e/concat'],133602,5700,19976,19976
90,InceptionV4/InceptionV4/Mixed_5e/concat,Concat,"['TFLITE2ONNX_FAF_InceptionV4/InceptionV4/Mixed_6a/Branch_0/Conv2d_1a_3x3/Relu', 'TFLITE2ONNX_FAF_InceptionV4/InceptionV4/Mixed_6a/Branch_1/Conv2d_0a_1x1/Relu', 'InceptionV4/InceptionV4/Mixed_6a/Branch_2/MaxPool_1a_3x3/MaxPool']",125920,15127,19765,19765
91,TFLITE2ONNX_FAF_InceptionV4/InceptionV4/Mixed_6a/Branch_0/Conv2d_1a_3x3/Relu,Conv,['InceptionV4/InceptionV4/Mixed_6a/Branch_0/Conv2d_1a_3x3/Relu'],217373,5642,177320,2835998
92,TFLITE2ONNX_FAF_InceptionV4/InceptionV4/Mixed_6a/Branch_1/Conv2d_0a_1x1/Relu,Conv,['InceptionV4/InceptionV4/Mixed_6a/Branch_1/Conv2d_0a_1x1/Relu'],148662,11756,9624,6532990
93,InceptionV4/InceptionV4/Mixed_6a/Branch_2/MaxPool_1a_3x3/MaxPool,MaxPool,['InceptionV4/InceptionV4/Mixed_6a/concat'],125920,5642,12670,695137
94,InceptionV4/InceptionV4/Mixed_6a/Branch_0/Conv2d_1a_3x3/Relu,Relu,['InceptionV4/InceptionV4/Mixed_6a/concat'],133602,5642,19041,19041
95,InceptionV4/InceptionV4/Mixed_6a/Branch_1/Conv2d_0a_1x1/Relu,Relu,['TFLITE2ONNX_FAF_InceptionV4/InceptionV4/Mixed_6a/Branch_1/Conv2d_0b_3x3/Relu'],113706,11756,36316,36316
96,TFLITE2ONNX_FAF_InceptionV4/InceptionV4/Mixed_6a/Branch_1/Conv2d_0b_3x3/Relu,Conv,['InceptionV4/InceptionV4/Mixed_6a/Branch_1/Conv2d_0b_3x3/Relu'],64624,29573,31752,615273
97,InceptionV4/InceptionV4/Mixed_6a/Branch_1/Conv2d_0b_3x3/Relu,Relu,['TFLITE2ONNX_FAF_InceptionV4/InceptionV4/Mixed_6a/Branch_1/Conv2d_1a_3x3/Relu'],83265,29573,41016,41016
98,TFLITE2ONNX_FAF_InceptionV4/InceptionV4/Mixed_6a/Branch_1/Conv2d_1a_3x3/Relu,Conv,['InceptionV4/InceptionV4/Mixed_6a/Branch_1/Conv2d_1a_3x3/Relu'],0,3983,40952,1883111
99,InceptionV4/InceptionV4/Mixed_6a/Branch_1/Conv2d_1a_3x3/Relu,Relu,['InceptionV4/InceptionV4/Mixed_6a/concat'],133602,3983,13464,13464
100,InceptionV4/InceptionV4/Mixed_6a/concat,Concat,"['TFLITE2ONNX_FAF_InceptionV4/InceptionV4/Mixed_6b/Branch_0/Conv2d_0a_1x1/Relu', 'TFLITE2ONNX_FAF_InceptionV4/InceptionV4/Mixed_6b/Branch_1/Conv2d_0a_1x1/Relu', 'TFLITE2ONNX_FAF_InceptionV4/InceptionV4/Mixed_6b/Branch_2/Conv2d_0a_1x1/Relu', 'InceptionV4/InceptionV4/Mixed_6b/Branch_3/AvgPool_0a_3x3/AvgPool']",50997,23038,13521,13521
101,TFLITE2ONNX_FAF_InceptionV4/InceptionV4/Mixed_6b/Branch_0/Conv2d_0a_1x1/Relu,Conv,['InceptionV4/InceptionV4/Mixed_6b/Branch_0/Conv2d_0a_1x1/Relu'],64624,5642,26622,6532990
102,TFLITE2ONNX_FAF_InceptionV4/InceptionV4/Mixed_6b/Branch_1/Conv2d_0a_1x1/Relu,Conv,['InceptionV4/InceptionV4/Mixed_6b/Branch_1/Conv2d_0a_1x1/Relu'],125920,3642,14230,387238
103,TFLITE2ONNX_FAF_InceptionV4/InceptionV4/Mixed_6b/Branch_2/Conv2d_0a_1x1/Relu,Conv,['InceptionV4/InceptionV4/Mixed_6b/Branch_2/Conv2d_0a_1x1/Relu'],125920,3642,14230,387238
104,InceptionV4/InceptionV4/Mixed_6b/Branch_3/AvgPool_0a_3x3/AvgPool,AveragePool,['TFLITE2ONNX_FAF_InceptionV4/InceptionV4/Mixed_6b/Branch_3/Conv2d_0b_1x1/Relu'],50997,23038,20643,249716
105,InceptionV4/InceptionV4/Mixed_6b/Branch_0/Conv2d_0a_1x1/Relu,Relu,['InceptionV4/InceptionV4/Mixed_6b/concat'],133602,5642,19041,19041
106,InceptionV4/InceptionV4/Mixed_6b/Branch_1/Conv2d_0a_1x1/Relu,Relu,['TFLITE2ONNX_FAF_InceptionV4/InceptionV4/Mixed_6b/Branch_1/Conv2d_0b_1x7/Relu'],133602,3642,8275,8275
107,InceptionV4/InceptionV4/Mixed_6b/Branch_2/Conv2d_0a_1x1/Relu,Relu,['TFLITE2ONNX_FAF_InceptionV4/InceptionV4/Mixed_6b/Branch_2/Conv2d_0b_7x1/Relu'],133602,3642,8275,8275
108,TFLITE2ONNX_FAF_InceptionV4/InceptionV4/Mixed_6b/Branch_3/Conv2d_0b_1x1/Relu,Conv,['InceptionV4/InceptionV4/Mixed_6b/Branch_3/Conv2d_0b_1x1/Relu'],0,3094,9632,821606
109,TFLITE2ONNX_FAF_InceptionV4/InceptionV4/Mixed_6b/Branch_1/Conv2d_0b_1x7/Relu,Conv,['InceptionV4/InceptionV4/Mixed_6b/Branch_1/Conv2d_0b_1x7/Relu'],0,3983,12112,6532990
110,TFLITE2ONNX_FAF_InceptionV4/InceptionV4/Mixed_6b/Branch_2/Conv2d_0b_7x1/Relu,Conv,['InceptionV4/InceptionV4/Mixed_6b/Branch_2/Conv2d_0b_7x1/Relu'],83265,3642,9621,387238
111,InceptionV4/InceptionV4/Mixed_6b/Branch_3/Conv2d_0b_1x1/Relu,Relu,['InceptionV4/InceptionV4/Mixed_6b/concat'],133602,3094,7121,7121
112,InceptionV4/InceptionV4/Mixed_6b/Branch_1/Conv2d_0b_1x7/Relu,Relu,['TFLITE2ONNX_FAF_InceptionV4/InceptionV4/Mixed_6b/Branch_1/Conv2d_0c_7x1/Relu'],133602,3983,11707,11707
113,InceptionV4/InceptionV4/Mixed_6b/Branch_2/Conv2d_0b_7x1/Relu,Relu,['TFLITE2ONNX_FAF_InceptionV4/InceptionV4/Mixed_6b/Branch_2/Conv2d_0c_1x7/Relu'],133602,3642,8275,8275
114,TFLITE2ONNX_FAF_InceptionV4/InceptionV4/Mixed_6b/Branch_1/Conv2d_0c_7x1/Relu,Conv,['InceptionV4/InceptionV4/Mixed_6b/Branch_1/Conv2d_0c_7x1/Relu'],125920,3983,14084,6532990
115,TFLITE2ONNX_FAF_InceptionV4/InceptionV4/Mixed_6b/Branch_2/Conv2d_0c_1x7/Relu,Conv,['InceptionV4/InceptionV4/Mixed_6b/Branch_2/Conv2d_0c_1x7/Relu'],0,3983,12112,6532990
116,InceptionV4/InceptionV4/Mixed_6b/Branch_1/Conv2d_0c_7x1/Relu,Relu,['InceptionV4/InceptionV4/Mixed_6b/concat'],133602,3983,13464,13464
117,InceptionV4/InceptionV4/Mixed_6b/Branch_2/Conv2d_0c_1x7/Relu,Relu,['TFLITE2ONNX_FAF_InceptionV4/InceptionV4/Mixed_6b/Branch_2/Conv2d_0d_7x1/Relu'],133602,3983,11707,11707
118,TFLITE2ONNX_FAF_InceptionV4/InceptionV4/Mixed_6b/Branch_2/Conv2d_0d_7x1/Relu,Conv,['InceptionV4/InceptionV4/Mixed_6b/Branch_2/Conv2d_0d_7x1/Relu'],0,3983,14052,6532990
119,InceptionV4/InceptionV4/Mixed_6b/Branch_2/Conv2d_0d_7x1/Relu,Relu,['TFLITE2ONNX_FAF_InceptionV4/InceptionV4/Mixed_6b/Branch_2/Conv2d_0e_1x7/Relu'],133602,3983,11707,11707
120,TFLITE2ONNX_FAF_InceptionV4/InceptionV4/Mixed_6b/Branch_2/Conv2d_0e_1x7/Relu,Conv,['InceptionV4/InceptionV4/Mixed_6b/Branch_2/Conv2d_0e_1x7/Relu'],125920,3983,14084,6532990
121,InceptionV4/InceptionV4/Mixed_6b/Branch_2/Conv2d_0e_1x7/Relu,Relu,['InceptionV4/InceptionV4/Mixed_6b/concat'],133602,3983,13464,13464
122,InceptionV4/InceptionV4/Mixed_6b/concat,Concat,"['TFLITE2ONNX_FAF_InceptionV4/InceptionV4/Mixed_6c/Branch_0/Conv2d_0a_1x1/Relu', 'TFLITE2ONNX_FAF_InceptionV4/InceptionV4/Mixed_6c/Branch_1/Conv2d_0a_1x1/Relu', 'TFLITE2ONNX_FAF_InceptionV4/InceptionV4/Mixed_6c/Branch_2/Conv2d_0a_1x1/Relu', 'InceptionV4/InceptionV4/Mixed_6c/Branch_3/AvgPool_0a_3x3/AvgPool']",50997,23038,13521,13521
123,TFLITE2ONNX_FAF_InceptionV4/InceptionV4/Mixed_6c/Branch_0/Conv2d_0a_1x1/Relu,Conv,['InceptionV4/InceptionV4/Mixed_6c/Branch_0/Conv2d_0a_1x1/Relu'],64624,5642,26622,6532990
124,TFLITE2ONNX_FAF_InceptionV4/InceptionV4/Mixed_6c/Branch_1/Conv2d_0a_1x1/Relu,Conv,['InceptionV4/InceptionV4/Mixed_6c/Branch_1/Conv2d_0a_1x1/Relu'],125920,3642,14230,387238
125,TFLITE2ONNX_FAF_InceptionV4/InceptionV4/Mixed_6c/Branch_2/Conv2d_0a_1x1/Relu,Conv,['InceptionV4/InceptionV4/Mixed_6c/Branch_2/Conv2d_0a_1x1/Relu'],125920,3642,14230,387238
126,InceptionV4/InceptionV4/Mixed_6c/Branch_3/AvgPool_0a_3x3/AvgPool,AveragePool,['TFLITE2ONNX_FAF_InceptionV4/InceptionV4/Mixed_6c/Branch_3/Conv2d_0b_1x1/Relu'],50997,23038,20643,249716
127,InceptionV4/InceptionV4/Mixed_6c/Branch_0/Conv2d_0a_1x1/Relu,Relu,['InceptionV4/InceptionV4/Mixed_6c/concat'],133602,5642,19041,19041
128,InceptionV4/InceptionV4/Mixed_6c/Branch_1/Conv2d_0a_1x1/Relu,Relu,['TFLITE2ONNX_FAF_InceptionV4/InceptionV4/Mixed_6c/Branch_1/Conv2d_0b_1x7/Relu'],133602,3642,8275,8275
129,InceptionV4/InceptionV4/Mixed_6c/Branch_2/Conv2d_0a_1x1/Relu,Relu,['TFLITE2ONNX_FAF_InceptionV4/InceptionV4/Mixed_6c/Branch_2/Conv2d_0b_7x1/Relu'],133602,3642,8275,8275
130,TFLITE2ONNX_FAF_InceptionV4/InceptionV4/Mixed_6c/Branch_3/Conv2d_0b_1x1/Relu,Conv,['InceptionV4/InceptionV4/Mixed_6c/Branch_3/Conv2d_0b_1x1/Relu'],0,3094,9632,821606
131,TFLITE2ONNX_FAF_InceptionV4/InceptionV4/Mixed_6c/Branch_1/Conv2d_0b_1x7/Relu,Conv,['InceptionV4/InceptionV4/Mixed_6c/Branch_1/Conv2d_0b_1x7/Relu'],0,3983,12112,6532990
132,TFLITE2ONNX_FAF_InceptionV4/InceptionV4/Mixed_6c/Branch_2/Conv2d_0b_7x1/Relu,Conv,['InceptionV4/InceptionV4/Mixed_6c/Branch_2/Conv2d_0b_7x1/Relu'],83265,3642,9621,387238
133,InceptionV4/InceptionV4/Mixed_6c/Branch_3/Conv2d_0b_1x1/Relu,Relu,['InceptionV4/InceptionV4/Mixed_6c/concat'],133602,3094,7121,7121
134,InceptionV4/InceptionV4/Mixed_6c/Branch_1/Conv2d_0b_1x7/Relu,Relu,['TFLITE2ONNX_FAF_InceptionV4/InceptionV4/Mixed_6c/Branch_1/Conv2d_0c_7x1/Relu'],133602,3983,11707,11707
135,InceptionV4/InceptionV4/Mixed_6c/Branch_2/Conv2d_0b_7x1/Relu,Relu,['TFLITE2ONNX_FAF_InceptionV4/InceptionV4/Mixed_6c/Branch_2/Conv2d_0c_1x7/Relu'],133602,3642,8275,8275
136,TFLITE2ONNX_FAF_InceptionV4/InceptionV4/Mixed_6c/Branch_1/Conv2d_0c_7x1/Relu,Conv,['InceptionV4/InceptionV4/Mixed_6c/Branch_1/Conv2d_0c_7x1/Relu'],125920,3983,14084,6532990
137,TFLITE2ONNX_FAF_InceptionV4/InceptionV4/Mixed_6c/Branch_2/Conv2d_0c_1x7/Relu,Conv,['InceptionV4/InceptionV4/Mixed_6c/Branch_2/Conv2d_0c_1x7/Relu'],0,3983,12112,6532990
138,InceptionV4/InceptionV4/Mixed_6c/Branch_1/Conv2d_0c_7x1/Relu,Relu,['InceptionV4/InceptionV4/Mixed_6c/concat'],133602,3983,13464,13464
139,InceptionV4/InceptionV4/Mixed_6c/Branch_2/Conv2d_0c_1x7/Relu,Relu,['TFLITE2ONNX_FAF_InceptionV4/InceptionV4/Mixed_6c/Branch_2/Conv2d_0d_7x1/Relu'],133602,3983,11707,11707
140,TFLITE2ONNX_FAF_InceptionV4/InceptionV4/Mixed_6c/Branch_2/Conv2d_0d_7x1/Relu,Conv,['InceptionV4/InceptionV4/Mixed_6c/Branch_2/Conv2d_0d_7x1/Relu'],0,3983,14052,6532990
141,InceptionV4/InceptionV4/Mixed_6c/Branch_2/Conv2d_0d_7x1/Relu,Relu,['TFLITE2ONNX_FAF_InceptionV4/InceptionV4/Mixed_6c/Branch_2/Conv2d_0e_1x7/Relu'],133602,3983,11707,11707
142,TFLITE2ONNX_FAF_InceptionV4/InceptionV4/Mixed_6c/Branch_2/Conv2d_0e_1x7/Relu,Conv,['InceptionV4/InceptionV4/Mixed_6c/Branch_2/Conv2d_0e_1x7/Relu'],125920,3983,14084,6532990
143,InceptionV4/InceptionV4/Mixed_6c/Branch_2/Conv2d_0e_1x7/Relu,Relu,['InceptionV4/InceptionV4/Mixed_6c/concat'],133602,3983,13464,13464
144,InceptionV4/InceptionV4/Mixed_6c/concat,Concat,"['TFLITE2ONNX_FAF_InceptionV4/InceptionV4/Mixed_6d/Branch_0/Conv2d_0a_1x1/Relu', 'TFLITE2ONNX_FAF_InceptionV4/InceptionV4/Mixed_6d/Branch_1/Conv2d_0a_1x1/Relu', 'TFLITE2ONNX_FAF_InceptionV4/InceptionV4/Mixed_6d/Branch_2/Conv2d_0a_1x1/Relu', 'InceptionV4/InceptionV4/Mixed_6d/Branch_3/AvgPool_0a_3x3/AvgPool']",50997,23038,13521,13521
145,TFLITE2ONNX_FAF_InceptionV4/InceptionV4/Mixed_6d/Branch_0/Conv2d_0a_1x1/Relu,Conv,['InceptionV4/InceptionV4/Mixed_6d/Branch_0/Conv2d_0a_1x1/Relu'],64624,5642,26622,6532990
146,TFLITE2ONNX_FAF_InceptionV4/InceptionV4/Mixed_6d/Branch_1/Conv2d_0a_1x1/Relu,Conv,['InceptionV4/InceptionV4/Mixed_6d/Branch_1/Conv2d_0a_1x1/Relu'],125920,3642,14230,387238
147,TFLITE2ONNX_FAF_InceptionV4/InceptionV4/Mixed_6d/Branch_2/Conv2d_0a_1x1/Relu,Conv,['InceptionV4/InceptionV4/Mixed_6d/Branch_2/Conv2d_0a_1x1/Relu'],125920,3642,14230,387238
148,InceptionV4/InceptionV4/Mixed_6d/Branch_3/AvgPool_0a_3x3/AvgPool,AveragePool,['TFLITE2ONNX_FAF_InceptionV4/InceptionV4/Mixed_6d/Branch_3/Conv2d_0b_1x1/Relu'],50997,23038,20643,249716
149,InceptionV4/InceptionV4/Mixed_6d/Branch_0/Conv2d_0a_1x1/Relu,Relu,['InceptionV4/InceptionV4/Mixed_6d/concat'],133602,5642,19041,19041
150,InceptionV4/InceptionV4/Mixed_6d/Branch_1/Conv2d_0a_1x1/Relu,Relu,['TFLITE2ONNX_FAF_InceptionV4/InceptionV4/Mixed_6d/Branch_1/Conv2d_0b_1x7/Relu'],133602,3642,8275,8275
151,InceptionV4/InceptionV4/Mixed_6d/Branch_2/Conv2d_0a_1x1/Relu,Relu,['TFLITE2ONNX_FAF_InceptionV4/InceptionV4/Mixed_6d/Branch_2/Conv2d_0b_7x1/Relu'],133602,3642,8275,8275
152,TFLITE2ONNX_FAF_InceptionV4/InceptionV4/Mixed_6d/Branch_3/Conv2d_0b_1x1/Relu,Conv,['InceptionV4/InceptionV4/Mixed_6d/Branch_3/Conv2d_0b_1x1/Relu'],0,3094,9632,821606
153,TFLITE2ONNX_FAF_InceptionV4/InceptionV4/Mixed_6d/Branch_1/Conv2d_0b_1x7/Relu,Conv,['InceptionV4/InceptionV4/Mixed_6d/Branch_1/Conv2d_0b_1x7/Relu'],0,3983,12112,6532990
154,TFLITE2ONNX_FAF_InceptionV4/InceptionV4/Mixed_6d/Branch_2/Conv2d_0b_7x1/Relu,Conv,['InceptionV4/InceptionV4/Mixed_6d/Branch_2/Conv2d_0b_7x1/Relu'],83265,3642,9621,387238
155,InceptionV4/InceptionV4/Mixed_6d/Branch_3/Conv2d_0b_1x1/Relu,Relu,['InceptionV4/InceptionV4/Mixed_6d/concat'],133602,3094,7121,7121
156,InceptionV4/InceptionV4/Mixed_6d/Branch_1/Conv2d_0b_1x7/Relu,Relu,['TFLITE2ONNX_FAF_InceptionV4/InceptionV4/Mixed_6d/Branch_1/Conv2d_0c_7x1/Relu'],133602,3983,11707,11707
157,InceptionV4/InceptionV4/Mixed_6d/Branch_2/Conv2d_0b_7x1/Relu,Relu,['TFLITE2ONNX_FAF_InceptionV4/InceptionV4/Mixed_6d/Branch_2/Conv2d_0c_1x7/Relu'],133602,3642,8275,8275
158,TFLITE2ONNX_FAF_InceptionV4/InceptionV4/Mixed_6d/Branch_1/Conv2d_0c_7x1/Relu,Conv,['InceptionV4/InceptionV4/Mixed_6d/Branch_1/Conv2d_0c_7x1/Relu'],125920,3983,14084,6532990
159,TFLITE2ONNX_FAF_InceptionV4/InceptionV4/Mixed_6d/Branch_2/Conv2d_0c_1x7/Relu,Conv,['InceptionV4/InceptionV4/Mixed_6d/Branch_2/Conv2d_0c_1x7/Relu'],0,3983,12112,6532990
160,InceptionV4/InceptionV4/Mixed_6d/Branch_1/Conv2d_0c_7x1/Relu,Relu,['InceptionV4/InceptionV4/Mixed_6d/concat'],133602,3983,13464,13464
161,InceptionV4/InceptionV4/Mixed_6d/Branch_2/Conv2d_0c_1x7/Relu,Relu,['TFLITE2ONNX_FAF_InceptionV4/InceptionV4/Mixed_6d/Branch_2/Conv2d_0d_7x1/Relu'],133602,3983,11707,11707
162,TFLITE2ONNX_FAF_InceptionV4/InceptionV4/Mixed_6d/Branch_2/Conv2d_0d_7x1/Relu,Conv,['InceptionV4/InceptionV4/Mixed_6d/Branch_2/Conv2d_0d_7x1/Relu'],0,3983,14052,6532990
163,InceptionV4/InceptionV4/Mixed_6d/Branch_2/Conv2d_0d_7x1/Relu,Relu,['TFLITE2ONNX_FAF_InceptionV4/InceptionV4/Mixed_6d/Branch_2/Conv2d_0e_1x7/Relu'],133602,3983,11707,11707
164,TFLITE2ONNX_FAF_InceptionV4/InceptionV4/Mixed_6d/Branch_2/Conv2d_0e_1x7/Relu,Conv,['InceptionV4/InceptionV4/Mixed_6d/Branch_2/Conv2d_0e_1x7/Relu'],125920,3983,14084,6532990
165,InceptionV4/InceptionV4/Mixed_6d/Branch_2/Conv2d_0e_1x7/Relu,Relu,['InceptionV4/InceptionV4/Mixed_6d/concat'],133602,3983,13464,13464
166,InceptionV4/InceptionV4/Mixed_6d/concat,Concat,"['TFLITE2ONNX_FAF_InceptionV4/InceptionV4/Mixed_6e/Branch_0/Conv2d_0a_1x1/Relu', 'TFLITE2ONNX_FAF_InceptionV4/InceptionV4/Mixed_6e/Branch_1/Conv2d_0a_1x1/Relu', 'TFLITE2ONNX_FAF_InceptionV4/InceptionV4/Mixed_6e/Branch_2/Conv2d_0a_1x1/Relu', 'InceptionV4/InceptionV4/Mixed_6e/Branch_3/AvgPool_0a_3x3/AvgPool']",50997,23038,13521,13521
167,TFLITE2ONNX_FAF_InceptionV4/InceptionV4/Mixed_6e/Branch_0/Conv2d_0a_1x1/Relu,Conv,['InceptionV4/InceptionV4/Mixed_6e/Branch_0/Conv2d_0a_1x1/Relu'],64624,5642,26622,6532990
168,TFLITE2ONNX_FAF_InceptionV4/InceptionV4/Mixed_6e/Branch_1/Conv2d_0a_1x1/Relu,Conv,['InceptionV4/InceptionV4/Mixed_6e/Branch_1/Conv2d_0a_1x1/Relu'],125920,3642,14230,387238
169,TFLITE2ONNX_FAF_InceptionV4/InceptionV4/Mixed_6e/Branch_2/Conv2d_0a_1x1/Relu,Conv,['InceptionV4/InceptionV4/Mixed_6e/Branch_2/Conv2d_0a_1x1/Relu'],125920,3642,14230,387238
170,InceptionV4/InceptionV4/Mixed_6e/Branch_3/AvgPool_0a_3x3/AvgPool,AveragePool,['TFLITE2ONNX_FAF_InceptionV4/InceptionV4/Mixed_6e/Branch_3/Conv2d_0b_1x1/Relu'],50997,23038,20643,249716
171,InceptionV4/InceptionV4/Mixed_6e/Branch_0/Conv2d_0a_1x1/Relu,Relu,['InceptionV4/InceptionV4/Mixed_6e/concat'],133602,5642,19041,19041
172,InceptionV4/InceptionV4/Mixed_6e/Branch_1/Conv2d_0a_1x1/Relu,Relu,['TFLITE2ONNX_FAF_InceptionV4/InceptionV4/Mixed_6e/Branch_1/Conv2d_0b_1x7/Relu'],133602,3642,8275,8275
173,InceptionV4/InceptionV4/Mixed_6e/Branch_2/Conv2d_0a_1x1/Relu,Relu,['TFLITE2ONNX_FAF_InceptionV4/InceptionV4/Mixed_6e/Branch_2/Conv2d_0b_7x1/Relu'],133602,3642,8275,8275
174,TFLITE2ONNX_FAF_InceptionV4/InceptionV4/Mixed_6e/Branch_3/Conv2d_0b_1x1/Relu,Conv,['InceptionV4/InceptionV4/Mixed_6e/Branch_3/Conv2d_0b_1x1/Relu'],0,3094,9632,821606
175,TFLITE2ONNX_FAF_InceptionV4/InceptionV4/Mixed_6e/Branch_1/Conv2d_0b_1x7/Relu,Conv,['InceptionV4/InceptionV4/Mixed_6e/Branch_1/Conv2d_0b_1x7/Relu'],0,3983,12112,6532990
176,TFLITE2ONNX_FAF_InceptionV4/InceptionV4/Mixed_6e/Branch_2/Conv2d_0b_7x1/Relu,Conv,['InceptionV4/InceptionV4/Mixed_6e/Branch_2/Conv2d_0b_7x1/Relu'],83265,3642,9621,387238
177,InceptionV4/InceptionV4/Mixed_6e/Branch_3/Conv2d_0b_1x1/Relu,Relu,['InceptionV4/InceptionV4/Mixed_6e/concat'],133602,3094,7121,7121
178,InceptionV4/InceptionV4/Mixed_6e/Branch_1/Conv2d_0b_1x7/Relu,Relu,['TFLITE2ONNX_FAF_InceptionV4/InceptionV4/Mixed_6e/Branch_1/Conv2d_0c_7x1/Relu'],133602,3983,11707,11707
179,InceptionV4/InceptionV4/Mixed_6e/Branch_2/Conv2d_0b_7x1/Relu,Relu,['TFLITE2ONNX_FAF_InceptionV4/InceptionV4/Mixed_6e/Branch_2/Conv2d_0c_1x7/Relu'],133602,3642,8275,8275
180,TFLITE2ONNX_FAF_InceptionV4/InceptionV4/Mixed_6e/Branch_1/Conv2d_0c_7x1/Relu,Conv,['InceptionV4/InceptionV4/Mixed_6e/Branch_1/Conv2d_0c_7x1/Relu'],125920,3983,14084,6532990
181,TFLITE2ONNX_FAF_InceptionV4/InceptionV4/Mixed_6e/Branch_2/Conv2d_0c_1x7/Relu,Conv,['InceptionV4/InceptionV4/Mixed_6e/Branch_2/Conv2d_0c_1x7/Relu'],0,3983,12112,6532990
182,InceptionV4/InceptionV4/Mixed_6e/Branch_1/Conv2d_0c_7x1/Relu,Relu,['InceptionV4/InceptionV4/Mixed_6e/concat'],133602,3983,13464,13464
183,InceptionV4/InceptionV4/Mixed_6e/Branch_2/Conv2d_0c_1x7/Relu,Relu,['TFLITE2ONNX_FAF_InceptionV4/InceptionV4/Mixed_6e/Branch_2/Conv2d_0d_7x1/Relu'],133602,3983,11707,11707
184,TFLITE2ONNX_FAF_InceptionV4/InceptionV4/Mixed_6e/Branch_2/Conv2d_0d_7x1/Relu,Conv,['InceptionV4/InceptionV4/Mixed_6e/Branch_2/Conv2d_0d_7x1/Relu'],0,3983,14052,6532990
185,InceptionV4/InceptionV4/Mixed_6e/Branch_2/Conv2d_0d_7x1/Relu,Relu,['TFLITE2ONNX_FAF_InceptionV4/InceptionV4/Mixed_6e/Branch_2/Conv2d_0e_1x7/Relu'],133602,3983,11707,11707
186,TFLITE2ONNX_FAF_InceptionV4/InceptionV4/Mixed_6e/Branch_2/Conv2d_0e_1x7/Relu,Conv,['InceptionV4/InceptionV4/Mixed_6e/Branch_2/Conv2d_0e_1x7/Relu'],125920,3983,14084,6532990
187,InceptionV4/InceptionV4/Mixed_6e/Branch_2/Conv2d_0e_1x7/Relu,Relu,['InceptionV4/InceptionV4/Mixed_6e/concat'],133602,3983,13464,13464
188,InceptionV4/InceptionV4/Mixed_6e/concat,Concat,"['TFLITE2ONNX_FAF_InceptionV4/InceptionV4/Mixed_6f/Branch_0/Conv2d_0a_1x1/Relu', 'TFLITE2ONNX_FAF_InceptionV4/InceptionV4/Mixed_6f/Branch_1/Conv2d_0a_1x1/Relu', 'TFLITE2ONNX_FAF_InceptionV4/InceptionV4/Mixed_6f/Branch_2/Conv2d_0a_1x1/Relu', 'InceptionV4/InceptionV4/Mixed_6f/Branch_3/AvgPool_0a_3x3/AvgPool']",50997,23038,13521,13521
189,TFLITE2ONNX_FAF_InceptionV4/InceptionV4/Mixed_6f/Branch_0/Conv2d_0a_1x1/Relu,Conv,['InceptionV4/InceptionV4/Mixed_6f/Branch_0/Conv2d_0a_1x1/Relu'],64624,5642,26622,6532990
190,TFLITE2ONNX_FAF_InceptionV4/InceptionV4/Mixed_6f/Branch_1/Conv2d_0a_1x1/Relu,Conv,['InceptionV4/InceptionV4/Mixed_6f/Branch_1/Conv2d_0a_1x1/Relu'],125920,3642,14230,387238
191,TFLITE2ONNX_FAF_InceptionV4/InceptionV4/Mixed_6f/Branch_2/Conv2d_0a_1x1/Relu,Conv,['InceptionV4/InceptionV4/Mixed_6f/Branch_2/Conv2d_0a_1x1/Relu'],125920,3642,14230,387238
192,InceptionV4/InceptionV4/Mixed_6f/Branch_3/AvgPool_0a_3x3/AvgPool,AveragePool,['TFLITE2ONNX_FAF_InceptionV4/InceptionV4/Mixed_6f/Branch_3/Conv2d_0b_1x1/Relu'],50997,23038,20643,249716
193,InceptionV4/InceptionV4/Mixed_6f/Branch_0/Conv2d_0a_1x1/Relu,Relu,['InceptionV4/InceptionV4/Mixed_6f/concat'],133602,5642,19041,19041
194,InceptionV4/InceptionV4/Mixed_6f/Branch_1/Conv2d_0a_1x1/Relu,Relu,['TFLITE2ONNX_FAF_InceptionV4/InceptionV4/Mixed_6f/Branch_1/Conv2d_0b_1x7/Relu'],133602,3642,8275,8275
195,InceptionV4/InceptionV4/Mixed_6f/Branch_2/Conv2d_0a_1x1/Relu,Relu,['TFLITE2ONNX_FAF_InceptionV4/InceptionV4/Mixed_6f/Branch_2/Conv2d_0b_7x1/Relu'],133602,3642,8275,8275
196,TFLITE2ONNX_FAF_InceptionV4/InceptionV4/Mixed_6f/Branch_3/Conv2d_0b_1x1/Relu,Conv,['InceptionV4/InceptionV4/Mixed_6f/Branch_3/Conv2d_0b_1x1/Relu'],0,3094,9632,821606
197,TFLITE2ONNX_FAF_InceptionV4/InceptionV4/Mixed_6f/Branch_1/Conv2d_0b_1x7/Relu,Conv,['InceptionV4/InceptionV4/Mixed_6f/Branch_1/Conv2d_0b_1x7/Relu'],0,3983,12112,6532990
198,TFLITE2ONNX_FAF_InceptionV4/InceptionV4/Mixed_6f/Branch_2/Conv2d_0b_7x1/Relu,Conv,['InceptionV4/InceptionV4/Mixed_6f/Branch_2/Conv2d_0b_7x1/Relu'],83265,3642,9621,387238
199,InceptionV4/InceptionV4/Mixed_6f/Branch_3/Conv2d_0b_1x1/Relu,Relu,['InceptionV4/InceptionV4/Mixed_6f/concat'],133602,3094,7121,7121
200,InceptionV4/InceptionV4/Mixed_6f/Branch_1/Conv2d_0b_1x7/Relu,Relu,['TFLITE2ONNX_FAF_InceptionV4/InceptionV4/Mixed_6f/Branch_1/Conv2d_0c_7x1/Relu'],133602,3983,11707,11707
201,InceptionV4/InceptionV4/Mixed_6f/Branch_2/Conv2d_0b_7x1/Relu,Relu,['TFLITE2ONNX_FAF_InceptionV4/InceptionV4/Mixed_6f/Branch_2/Conv2d_0c_1x7/Relu'],133602,3642,8275,8275
202,TFLITE2ONNX_FAF_InceptionV4/InceptionV4/Mixed_6f/Branch_1/Conv2d_0c_7x1/Relu,Conv,['InceptionV4/InceptionV4/Mixed_6f/Branch_1/Conv2d_0c_7x1/Relu'],125920,3983,14084,6532990
203,TFLITE2ONNX_FAF_InceptionV4/InceptionV4/Mixed_6f/Branch_2/Conv2d_0c_1x7/Relu,Conv,['InceptionV4/InceptionV4/Mixed_6f/Branch_2/Conv2d_0c_1x7/Relu'],0,3983,12112,6532990
204,InceptionV4/InceptionV4/Mixed_6f/Branch_1/Conv2d_0c_7x1/Relu,Relu,['InceptionV4/InceptionV4/Mixed_6f/concat'],133602,3983,13464,13464
205,InceptionV4/InceptionV4/Mixed_6f/Branch_2/Conv2d_0c_1x7/Relu,Relu,['TFLITE2ONNX_FAF_InceptionV4/InceptionV4/Mixed_6f/Branch_2/Conv2d_0d_7x1/Relu'],133602,3983,11707,11707
206,TFLITE2ONNX_FAF_InceptionV4/InceptionV4/Mixed_6f/Branch_2/Conv2d_0d_7x1/Relu,Conv,['InceptionV4/InceptionV4/Mixed_6f/Branch_2/Conv2d_0d_7x1/Relu'],0,3983,14052,6532990
207,InceptionV4/InceptionV4/Mixed_6f/Branch_2/Conv2d_0d_7x1/Relu,Relu,['TFLITE2ONNX_FAF_InceptionV4/InceptionV4/Mixed_6f/Branch_2/Conv2d_0e_1x7/Relu'],133602,3983,11707,11707
208,TFLITE2ONNX_FAF_InceptionV4/InceptionV4/Mixed_6f/Branch_2/Conv2d_0e_1x7/Relu,Conv,['InceptionV4/InceptionV4/Mixed_6f/Branch_2/Conv2d_0e_1x7/Relu'],125920,3983,14084,6532990
209,InceptionV4/InceptionV4/Mixed_6f/Branch_2/Conv2d_0e_1x7/Relu,Relu,['InceptionV4/InceptionV4/Mixed_6f/concat'],133602,3983,13464,13464
210,InceptionV4/InceptionV4/Mixed_6f/concat,Concat,"['TFLITE2ONNX_FAF_InceptionV4/InceptionV4/Mixed_6g/Branch_0/Conv2d_0a_1x1/Relu', 'TFLITE2ONNX_FAF_InceptionV4/InceptionV4/Mixed_6g/Branch_1/Conv2d_0a_1x1/Relu', 'TFLITE2ONNX_FAF_InceptionV4/InceptionV4/Mixed_6g/Branch_2/Conv2d_0a_1x1/Relu', 'InceptionV4/InceptionV4/Mixed_6g/Branch_3/AvgPool_0a_3x3/AvgPool']",50997,23038,13521,13521
211,TFLITE2ONNX_FAF_InceptionV4/InceptionV4/Mixed_6g/Branch_0/Conv2d_0a_1x1/Relu,Conv,['InceptionV4/InceptionV4/Mixed_6g/Branch_0/Conv2d_0a_1x1/Relu'],64624,5642,26622,6532990
212,TFLITE2ONNX_FAF_InceptionV4/InceptionV4/Mixed_6g/Branch_1/Conv2d_0a_1x1/Relu,Conv,['InceptionV4/InceptionV4/Mixed_6g/Branch_1/Conv2d_0a_1x1/Relu'],125920,3642,14230,387238
213,TFLITE2ONNX_FAF_InceptionV4/InceptionV4/Mixed_6g/Branch_2/Conv2d_0a_1x1/Relu,Conv,['InceptionV4/InceptionV4/Mixed_6g/Branch_2/Conv2d_0a_1x1/Relu'],125920,3642,14230,387238
214,InceptionV4/InceptionV4/Mixed_6g/Branch_3/AvgPool_0a_3x3/AvgPool,AveragePool,['TFLITE2ONNX_FAF_InceptionV4/InceptionV4/Mixed_6g/Branch_3/Conv2d_0b_1x1/Relu'],50997,23038,20643,249716
215,InceptionV4/InceptionV4/Mixed_6g/Branch_0/Conv2d_0a_1x1/Relu,Relu,['InceptionV4/InceptionV4/Mixed_6g/concat'],133602,5642,19041,19041
216,InceptionV4/InceptionV4/Mixed_6g/Branch_1/Conv2d_0a_1x1/Relu,Relu,['TFLITE2ONNX_FAF_InceptionV4/InceptionV4/Mixed_6g/Branch_1/Conv2d_0b_1x7/Relu'],133602,3642,8275,8275
217,InceptionV4/InceptionV4/Mixed_6g/Branch_2/Conv2d_0a_1x1/Relu,Relu,['TFLITE2ONNX_FAF_InceptionV4/InceptionV4/Mixed_6g/Branch_2/Conv2d_0b_7x1/Relu'],133602,3642,8275,8275
218,TFLITE2ONNX_FAF_InceptionV4/InceptionV4/Mixed_6g/Branch_3/Conv2d_0b_1x1/Relu,Conv,['InceptionV4/InceptionV4/Mixed_6g/Branch_3/Conv2d_0b_1x1/Relu'],0,3094,9632,821606
219,TFLITE2ONNX_FAF_InceptionV4/InceptionV4/Mixed_6g/Branch_1/Conv2d_0b_1x7/Relu,Conv,['InceptionV4/InceptionV4/Mixed_6g/Branch_1/Conv2d_0b_1x7/Relu'],0,3983,12112,6532990
220,TFLITE2ONNX_FAF_InceptionV4/InceptionV4/Mixed_6g/Branch_2/Conv2d_0b_7x1/Relu,Conv,['InceptionV4/InceptionV4/Mixed_6g/Branch_2/Conv2d_0b_7x1/Relu'],83265,3642,9621,387238
221,InceptionV4/InceptionV4/Mixed_6g/Branch_3/Conv2d_0b_1x1/Relu,Relu,['InceptionV4/InceptionV4/Mixed_6g/concat'],133602,3094,7121,7121
222,InceptionV4/InceptionV4/Mixed_6g/Branch_1/Conv2d_0b_1x7/Relu,Relu,['TFLITE2ONNX_FAF_InceptionV4/InceptionV4/Mixed_6g/Branch_1/Conv2d_0c_7x1/Relu'],133602,3983,11707,11707
223,InceptionV4/InceptionV4/Mixed_6g/Branch_2/Conv2d_0b_7x1/Relu,Relu,['TFLITE2ONNX_FAF_InceptionV4/InceptionV4/Mixed_6g/Branch_2/Conv2d_0c_1x7/Relu'],133602,3642,8275,8275
224,TFLITE2ONNX_FAF_InceptionV4/InceptionV4/Mixed_6g/Branch_1/Conv2d_0c_7x1/Relu,Conv,['InceptionV4/InceptionV4/Mixed_6g/Branch_1/Conv2d_0c_7x1/Relu'],125920,3983,14084,6532990
225,TFLITE2ONNX_FAF_InceptionV4/InceptionV4/Mixed_6g/Branch_2/Conv2d_0c_1x7/Relu,Conv,['InceptionV4/InceptionV4/Mixed_6g/Branch_2/Conv2d_0c_1x7/Relu'],0,3983,12112,6532990
226,InceptionV4/InceptionV4/Mixed_6g/Branch_1/Conv2d_0c_7x1/Relu,Relu,['InceptionV4/InceptionV4/Mixed_6g/concat'],133602,3983,13464,13464
227,InceptionV4/InceptionV4/Mixed_6g/Branch_2/Conv2d_0c_1x7/Relu,Relu,['TFLITE2ONNX_FAF_InceptionV4/InceptionV4/Mixed_6g/Branch_2/Conv2d_0d_7x1/Relu'],133602,3983,11707,11707
228,TFLITE2ONNX_FAF_InceptionV4/InceptionV4/Mixed_6g/Branch_2/Conv2d_0d_7x1/Relu,Conv,['InceptionV4/InceptionV4/Mixed_6g/Branch_2/Conv2d_0d_7x1/Relu'],0,3983,14052,6532990
229,InceptionV4/InceptionV4/Mixed_6g/Branch_2/Conv2d_0d_7x1/Relu,Relu,['TFLITE2ONNX_FAF_InceptionV4/InceptionV4/Mixed_6g/Branch_2/Conv2d_0e_1x7/Relu'],133602,3983,11707,11707
230,TFLITE2ONNX_FAF_InceptionV4/InceptionV4/Mixed_6g/Branch_2/Conv2d_0e_1x7/Relu,Conv,['InceptionV4/InceptionV4/Mixed_6g/Branch_2/Conv2d_0e_1x7/Relu'],125920,3983,14084,6532990
231,InceptionV4/InceptionV4/Mixed_6g/Branch_2/Conv2d_0e_1x7/Relu,Relu,['InceptionV4/InceptionV4/Mixed_6g/concat'],133602,3983,13464,13464
232,InceptionV4/InceptionV4/Mixed_6g/concat,Concat,"['TFLITE2ONNX_FAF_InceptionV4/InceptionV4/Mixed_6h/Branch_0/Conv2d_0a_1x1/Relu', 'TFLITE2ONNX_FAF_InceptionV4/InceptionV4/Mixed_6h/Branch_1/Conv2d_0a_1x1/Relu', 'TFLITE2ONNX_FAF_InceptionV4/InceptionV4/Mixed_6h/Branch_2/Conv2d_0a_1x1/Relu', 'InceptionV4/InceptionV4/Mixed_6h/Branch_3/AvgPool_0a_3x3/AvgPool']",50997,23038,13521,13521
233,TFLITE2ONNX_FAF_InceptionV4/InceptionV4/Mixed_6h/Branch_0/Conv2d_0a_1x1/Relu,Conv,['InceptionV4/InceptionV4/Mixed_6h/Branch_0/Conv2d_0a_1x1/Relu'],64624,5642,26622,6532990
234,TFLITE2ONNX_FAF_InceptionV4/InceptionV4/Mixed_6h/Branch_1/Conv2d_0a_1x1/Relu,Conv,['InceptionV4/InceptionV4/Mixed_6h/Branch_1/Conv2d_0a_1x1/Relu'],125920,3642,14230,387238
235,TFLITE2ONNX_FAF_InceptionV4/InceptionV4/Mixed_6h/Branch_2/Conv2d_0a_1x1/Relu,Conv,['InceptionV4/InceptionV4/Mixed_6h/Branch_2/Conv2d_0a_1x1/Relu'],125920,3642,14230,387238
236,InceptionV4/InceptionV4/Mixed_6h/Branch_3/AvgPool_0a_3x3/AvgPool,AveragePool,['TFLITE2ONNX_FAF_InceptionV4/InceptionV4/Mixed_6h/Branch_3/Conv2d_0b_1x1/Relu'],50997,23038,20643,249716
237,InceptionV4/InceptionV4/Mixed_6h/Branch_0/Conv2d_0a_1x1/Relu,Relu,['InceptionV4/InceptionV4/Mixed_6h/concat'],133602,5642,19041,19041
238,InceptionV4/InceptionV4/Mixed_6h/Branch_1/Conv2d_0a_1x1/Relu,Relu,['TFLITE2ONNX_FAF_InceptionV4/InceptionV4/Mixed_6h/Branch_1/Conv2d_0b_1x7/Relu'],133602,3642,8275,8275
239,InceptionV4/InceptionV4/Mixed_6h/Branch_2/Conv2d_0a_1x1/Relu,Relu,['TFLITE2ONNX_FAF_InceptionV4/InceptionV4/Mixed_6h/Branch_2/Conv2d_0b_7x1/Relu'],133602,3642,8275,8275
240,TFLITE2ONNX_FAF_InceptionV4/InceptionV4/Mixed_6h/Branch_3/Conv2d_0b_1x1/Relu,Conv,['InceptionV4/InceptionV4/Mixed_6h/Branch_3/Conv2d_0b_1x1/Relu'],0,3094,9632,821606
241,TFLITE2ONNX_FAF_InceptionV4/InceptionV4/Mixed_6h/Branch_1/Conv2d_0b_1x7/Relu,Conv,['InceptionV4/InceptionV4/Mixed_6h/Branch_1/Conv2d_0b_1x7/Relu'],0,3983,12112,6532990
242,TFLITE2ONNX_FAF_InceptionV4/InceptionV4/Mixed_6h/Branch_2/Conv2d_0b_7x1/Relu,Conv,['InceptionV4/InceptionV4/Mixed_6h/Branch_2/Conv2d_0b_7x1/Relu'],83265,3642,9621,387238
243,InceptionV4/InceptionV4/Mixed_6h/Branch_3/Conv2d_0b_1x1/Relu,Relu,['InceptionV4/InceptionV4/Mixed_6h/concat'],133602,3094,7121,7121
244,InceptionV4/InceptionV4/Mixed_6h/Branch_1/Conv2d_0b_1x7/Relu,Relu,['TFLITE2ONNX_FAF_InceptionV4/InceptionV4/Mixed_6h/Branch_1/Conv2d_0c_7x1/Relu'],133602,3983,11707,11707
245,InceptionV4/InceptionV4/Mixed_6h/Branch_2/Conv2d_0b_7x1/Relu,Relu,['TFLITE2ONNX_FAF_InceptionV4/InceptionV4/Mixed_6h/Branch_2/Conv2d_0c_1x7/Relu'],133602,3642,8275,8275
246,TFLITE2ONNX_FAF_InceptionV4/InceptionV4/Mixed_6h/Branch_1/Conv2d_0c_7x1/Relu,Conv,['InceptionV4/InceptionV4/Mixed_6h/Branch_1/Conv2d_0c_7x1/Relu'],125920,3983,14084,6532990
247,TFLITE2ONNX_FAF_InceptionV4/InceptionV4/Mixed_6h/Branch_2/Conv2d_0c_1x7/Relu,Conv,['InceptionV4/InceptionV4/Mixed_6h/Branch_2/Conv2d_0c_1x7/Relu'],0,3983,12112,6532990
248,InceptionV4/InceptionV4/Mixed_6h/Branch_1/Conv2d_0c_7x1/Relu,Relu,['InceptionV4/InceptionV4/Mixed_6h/concat'],133602,3983,13464,13464
249,InceptionV4/InceptionV4/Mixed_6h/Branch_2/Conv2d_0c_1x7/Relu,Relu,['TFLITE2ONNX_FAF_InceptionV4/InceptionV4/Mixed_6h/Branch_2/Conv2d_0d_7x1/Relu'],133602,3983,11707,11707
250,TFLITE2ONNX_FAF_InceptionV4/InceptionV4/Mixed_6h/Branch_2/Conv2d_0d_7x1/Relu,Conv,['InceptionV4/InceptionV4/Mixed_6h/Branch_2/Conv2d_0d_7x1/Relu'],0,3983,14052,6532990
251,InceptionV4/InceptionV4/Mixed_6h/Branch_2/Conv2d_0d_7x1/Relu,Relu,['TFLITE2ONNX_FAF_InceptionV4/InceptionV4/Mixed_6h/Branch_2/Conv2d_0e_1x7/Relu'],133602,3983,11707,11707
252,TFLITE2ONNX_FAF_InceptionV4/InceptionV4/Mixed_6h/Branch_2/Conv2d_0e_1x7/Relu,Conv,['InceptionV4/InceptionV4/Mixed_6h/Branch_2/Conv2d_0e_1x7/Relu'],125920,3983,14084,6532990
253,InceptionV4/InceptionV4/Mixed_6h/Branch_2/Conv2d_0e_1x7/Relu,Relu,['InceptionV4/InceptionV4/Mixed_6h/concat'],133602,3983,13464,13464
254,InceptionV4/InceptionV4/Mixed_6h/concat,Concat,"['TFLITE2ONNX_FAF_InceptionV4/InceptionV4/Mixed_7a/Branch_0/Conv2d_0a_1x1/Relu', 'TFLITE2ONNX_FAF_InceptionV4/InceptionV4/Mixed_7a/Branch_1/Conv2d_0a_1x1/Relu', 'InceptionV4/InceptionV4/Mixed_7a/Branch_2/MaxPool_1a_3x3/MaxPool']",50997,23038,13521,13521
255,TFLITE2ONNX_FAF_InceptionV4/InceptionV4/Mixed_7a/Branch_0/Conv2d_0a_1x1/Relu,Conv,['InceptionV4/InceptionV4/Mixed_7a/Branch_0/Conv2d_0a_1x1/Relu'],125920,3642,14230,387238
256,TFLITE2ONNX_FAF_InceptionV4/InceptionV4/Mixed_7a/Branch_1/Conv2d_0a_1x1/Relu,Conv,['InceptionV4/InceptionV4/Mixed_7a/Branch_1/Conv2d_0a_1x1/Relu'],148662,3983,18861,387238
257,InceptionV4/InceptionV4/Mixed_7a/Branch_2/MaxPool_1a_3x3/MaxPool,MaxPool,['InceptionV4/InceptionV4/Mixed_7a/concat'],50997,3983,12979,453568
258,InceptionV4/InceptionV4/Mixed_7a/Branch_0/Conv2d_0a_1x1/Relu,Relu,['TFLITE2ONNX_FAF_InceptionV4/InceptionV4/Mixed_7a/Branch_0/Conv2d_1a_3x3/Relu'],133602,3642,8275,8275
259,InceptionV4/InceptionV4/Mixed_7a/Branch_1/Conv2d_0a_1x1/Relu,Relu,['TFLITE2ONNX_FAF_InceptionV4/InceptionV4/Mixed_7a/Branch_1/Conv2d_0b_1x7/Relu'],133602,3983,13464,13464
260,TFLITE2ONNX_FAF_InceptionV4/InceptionV4/Mixed_7a/Branch_0/Conv2d_1a_3x3/Relu,Conv,['InceptionV4/InceptionV4/Mixed_7a/Branch_0/Conv2d_1a_3x3/Relu'],0,3094,10939,6532990
261,TFLITE2ONNX_FAF_InceptionV4/InceptionV4/Mixed_7a/Branch_1/Conv2d_0b_1x7/Relu,Conv,['InceptionV4/InceptionV4/Mixed_7a/Branch_1/Conv2d_0b_1x7/Relu'],148662,3983,10514,2171277
262,InceptionV4/InceptionV4/Mixed_7a/Branch_0/Conv2d_1a_3x3/Relu,Relu,['InceptionV4/InceptionV4/Mixed_7a/concat'],133602,3094,5125,5125
263,InceptionV4/InceptionV4/Mixed_7a/Branch_1/Conv2d_0b_1x7/Relu,Relu,['TFLITE2ONNX_FAF_InceptionV4/InceptionV4/Mixed_7a/Branch_1/Conv2d_0c_7x1/Relu'],133602,3983,13464,13464
264,TFLITE2ONNX_FAF_InceptionV4/InceptionV4/Mixed_7a/Branch_1/Conv2d_0c_7x1/Relu,Conv,['InceptionV4/InceptionV4/Mixed_7a/Branch_1/Conv2d_0c_7x1/Relu'],64624,5700,25431,2171277
265,InceptionV4/InceptionV4/Mixed_7a/Branch_1/Conv2d_0c_7x1/Relu,Relu,['TFLITE2ONNX_FAF_InceptionV4/InceptionV4/Mixed_7a/Branch_1/Conv2d_1a_3x3/Relu'],133602,5700,17383,17383
266,TFLITE2ONNX_FAF_InceptionV4/InceptionV4/Mixed_7a/Branch_1/Conv2d_1a_3x3/Relu,Conv,['InceptionV4/InceptionV4/Mixed_7a/Branch_1/Conv2d_1a_3x3/Relu'],152821,3094,22667,592472
267,InceptionV4/InceptionV4/Mixed_7a/Branch_1/Conv2d_1a_3x3/Relu,Relu,['InceptionV4/InceptionV4/Mixed_7a/concat'],133602,3094,5862,5862
268,InceptionV4/InceptionV4/Mixed_7a/concat,Concat,"['TFLITE2ONNX_FAF_InceptionV4/InceptionV4/Mixed_7b/Branch_0/Conv2d_0a_1x1/Relu', 'TFLITE2ONNX_FAF_InceptionV4/InceptionV4/Mixed_7b/Branch_1/Conv2d_0a_1x1/Relu', 'TFLITE2ONNX_FAF_InceptionV4/InceptionV4/Mixed_7b/Branch_2/Conv2d_0a_1x1/Relu', 'InceptionV4/InceptionV4/Mixed_7b/Branch_3/AvgPool_0a_3x3/AvgPool']",133602,5642,9841,9841
269,TFLITE2ONNX_FAF_InceptionV4/InceptionV4/Mixed_7b/Branch_0/Conv2d_0a_1x1/Relu,Conv,['InceptionV4/InceptionV4/Mixed_7b/Branch_0/Conv2d_0a_1x1/Relu'],125920,3094,8302,1247502
270,TFLITE2ONNX_FAF_InceptionV4/InceptionV4/Mixed_7b/Branch_1/Conv2d_0a_1x1/Relu,Conv,['InceptionV4/InceptionV4/Mixed_7b/Branch_1/Conv2d_0a_1x1/Relu'],64624,3094,7685,821606
271,TFLITE2ONNX_FAF_InceptionV4/InceptionV4/Mixed_7b/Branch_2/Conv2d_0a_1x1/Relu,Conv,['InceptionV4/InceptionV4/Mixed_7b/Branch_2/Conv2d_0a_1x1/Relu'],64624,3094,7685,821606
272,InceptionV4/InceptionV4/Mixed_7b/Branch_3/AvgPool_0a_3x3/AvgPool,AveragePool,['TFLITE2ONNX_FAF_InceptionV4/InceptionV4/Mixed_7b/Branch_3/Conv2d_0b_1x1/Relu'],133602,5642,-1,72649
273,InceptionV4/InceptionV4/Mixed_7b/Branch_0/Conv2d_0a_1x1/Relu,Relu,['InceptionV4/InceptionV4/Mixed_7b/concat'],133602,3094,5393,5393
274,InceptionV4/InceptionV4/Mixed_7b/Branch_1/Conv2d_0a_1x1/Relu,Relu,"['TFLITE2ONNX_FAF_InceptionV4/InceptionV4/Mixed_7b/Branch_1/Conv2d_0b_1x3/Relu', 'TFLITE2ONNX_FAF_InceptionV4/InceptionV4/Mixed_7b/Branch_1/Conv2d_0c_3x1/Relu']",133602,3094,6110,6110
275,InceptionV4/InceptionV4/Mixed_7b/Branch_2/Conv2d_0a_1x1/Relu,Relu,['TFLITE2ONNX_FAF_InceptionV4/InceptionV4/Mixed_7b/Branch_2/Conv2d_0b_3x1/Relu'],133602,3094,6110,6110
276,TFLITE2ONNX_FAF_InceptionV4/InceptionV4/Mixed_7b/Branch_3/Conv2d_0b_1x1/Relu,Conv,['InceptionV4/InceptionV4/Mixed_7b/Branch_3/Conv2d_0b_1x1/Relu'],125920,3094,8302,1247502
277,TFLITE2ONNX_FAF_InceptionV4/InceptionV4/Mixed_7b/Branch_1/Conv2d_0b_1x3/Relu,Conv,['InceptionV4/InceptionV4/Mixed_7b/Branch_1/Conv2d_0b_1x3/Relu'],50997,3094,3882,4432875
278,TFLITE2ONNX_FAF_InceptionV4/InceptionV4/Mixed_7b/Branch_1/Conv2d_0c_3x1/Relu,Conv,['InceptionV4/InceptionV4/Mixed_7b/Branch_1/Conv2d_0c_3x1/Relu'],50997,3094,3882,4432875
279,TFLITE2ONNX_FAF_InceptionV4/InceptionV4/Mixed_7b/Branch_2/Conv2d_0b_3x1/Relu,Conv,['InceptionV4/InceptionV4/Mixed_7b/Branch_2/Conv2d_0b_3x1/Relu'],148662,3094,6624,821606
280,InceptionV4/InceptionV4/Mixed_7b/Branch_3/Conv2d_0b_1x1/Relu,Relu,['InceptionV4/InceptionV4/Mixed_7b/concat'],133602,3094,5393,5393
281,InceptionV4/InceptionV4/Mixed_7b/Branch_1/Conv2d_0b_1x3/Relu,Relu,['InceptionV4/InceptionV4/Mixed_7b/Branch_1/concat'],133602,3094,5393,5393
282,InceptionV4/InceptionV4/Mixed_7b/Branch_1/Conv2d_0c_3x1/Relu,Relu,['InceptionV4/InceptionV4/Mixed_7b/Branch_1/concat'],133602,3094,5393,5393
283,InceptionV4/InceptionV4/Mixed_7b/Branch_2/Conv2d_0b_3x1/Relu,Relu,['TFLITE2ONNX_FAF_InceptionV4/InceptionV4/Mixed_7b/Branch_2/Conv2d_0c_1x3/Relu'],133602,3094,6285,6285
284,InceptionV4/InceptionV4/Mixed_7b/Branch_1/concat,Concat,['InceptionV4/InceptionV4/Mixed_7b/concat'],133602,3094,4363,4363
285,TFLITE2ONNX_FAF_InceptionV4/InceptionV4/Mixed_7b/Branch_2/Conv2d_0c_1x3/Relu,Conv,['InceptionV4/InceptionV4/Mixed_7b/Branch_2/Conv2d_0c_1x3/Relu'],0,3094,14971,821606
286,InceptionV4/InceptionV4/Mixed_7b/Branch_2/Conv2d_0c_1x3/Relu,Relu,"['TFLITE2ONNX_FAF_InceptionV4/InceptionV4/Mixed_7b/Branch_2/Conv2d_0d_1x3/Relu', 'TFLITE2ONNX_FAF_InceptionV4/InceptionV4/Mixed_7b/Branch_2/Conv2d_0e_3x1/Relu']",133602,3094,6618,6618
287,TFLITE2ONNX_FAF_InceptionV4/InceptionV4/Mixed_7b/Branch_2/Conv2d_0d_1x3/Relu,Conv,['InceptionV4/InceptionV4/Mixed_7b/Branch_2/Conv2d_0d_1x3/Relu'],0,3094,8302,1247502
288,TFLITE2ONNX_FAF_InceptionV4/InceptionV4/Mixed_7b/Branch_2/Conv2d_0e_3x1/Relu,Conv,['InceptionV4/InceptionV4/Mixed_7b/Branch_2/Conv2d_0e_3x1/Relu'],0,3094,8302,1247502
289,InceptionV4/InceptionV4/Mixed_7b/Branch_2/Conv2d_0d_1x3/Relu,Relu,['InceptionV4/InceptionV4/Mixed_7b/Branch_2/concat'],133602,3094,5393,5393
290,InceptionV4/InceptionV4/Mixed_7b/Branch_2/Conv2d_0e_3x1/Relu,Relu,['InceptionV4/InceptionV4/Mixed_7b/Branch_2/concat'],133602,3094,5393,5393
291,InceptionV4/InceptionV4/Mixed_7b/Branch_2/concat,Concat,['InceptionV4/InceptionV4/Mixed_7b/concat'],133602,3094,4363,4363
292,InceptionV4/InceptionV4/Mixed_7b/concat,Concat,"['TFLITE2ONNX_FAF_InceptionV4/InceptionV4/Mixed_7c/Branch_0/Conv2d_0a_1x1/Relu', 'TFLITE2ONNX_FAF_InceptionV4/InceptionV4/Mixed_7c/Branch_1/Conv2d_0a_1x1/Relu', 'TFLITE2ONNX_FAF_InceptionV4/InceptionV4/Mixed_7c/Branch_2/Conv2d_0a_1x1/Relu', 'InceptionV4/InceptionV4/Mixed_7c/Branch_3/AvgPool_0a_3x3/AvgPool']",133602,5642,9841,9841
293,TFLITE2ONNX_FAF_InceptionV4/InceptionV4/Mixed_7c/Branch_0/Conv2d_0a_1x1/Relu,Conv,['InceptionV4/InceptionV4/Mixed_7c/Branch_0/Conv2d_0a_1x1/Relu'],125920,3094,8302,1247502
294,TFLITE2ONNX_FAF_InceptionV4/InceptionV4/Mixed_7c/Branch_1/Conv2d_0a_1x1/Relu,Conv,['InceptionV4/InceptionV4/Mixed_7c/Branch_1/Conv2d_0a_1x1/Relu'],64624,3094,7685,821606
295,TFLITE2ONNX_FAF_InceptionV4/InceptionV4/Mixed_7c/Branch_2/Conv2d_0a_1x1/Relu,Conv,['InceptionV4/InceptionV4/Mixed_7c/Branch_2/Conv2d_0a_1x1/Relu'],64624,3094,7685,821606
296,InceptionV4/InceptionV4/Mixed_7c/Branch_3/AvgPool_0a_3x3/AvgPool,AveragePool,['TFLITE2ONNX_FAF_InceptionV4/InceptionV4/Mixed_7c/Branch_3/Conv2d_0b_1x1/Relu'],133602,5642,-1,72649
297,InceptionV4/InceptionV4/Mixed_7c/Branch_0/Conv2d_0a_1x1/Relu,Relu,['InceptionV4/InceptionV4/Mixed_7c/concat'],133602,3094,5393,5393
298,InceptionV4/InceptionV4/Mixed_7c/Branch_1/Conv2d_0a_1x1/Relu,Relu,"['TFLITE2ONNX_FAF_InceptionV4/InceptionV4/Mixed_7c/Branch_1/Conv2d_0b_1x3/Relu', 'TFLITE2ONNX_FAF_InceptionV4/InceptionV4/Mixed_7c/Branch_1/Conv2d_0c_3x1/Relu']",133602,3094,6110,6110
299,InceptionV4/InceptionV4/Mixed_7c/Branch_2/Conv2d_0a_1x1/Relu,Relu,['TFLITE2ONNX_FAF_InceptionV4/InceptionV4/Mixed_7c/Branch_2/Conv2d_0b_3x1/Relu'],133602,3094,6110,6110
300,TFLITE2ONNX_FAF_InceptionV4/InceptionV4/Mixed_7c/Branch_3/Conv2d_0b_1x1/Relu,Conv,['InceptionV4/InceptionV4/Mixed_7c/Branch_3/Conv2d_0b_1x1/Relu'],125920,3094,8302,1247502
301,TFLITE2ONNX_FAF_InceptionV4/InceptionV4/Mixed_7c/Branch_1/Conv2d_0b_1x3/Relu,Conv,['InceptionV4/InceptionV4/Mixed_7c/Branch_1/Conv2d_0b_1x3/Relu'],50997,3094,3882,4432875
302,TFLITE2ONNX_FAF_InceptionV4/InceptionV4/Mixed_7c/Branch_1/Conv2d_0c_3x1/Relu,Conv,['InceptionV4/InceptionV4/Mixed_7c/Branch_1/Conv2d_0c_3x1/Relu'],50997,3094,3882,4432875
303,TFLITE2ONNX_FAF_InceptionV4/InceptionV4/Mixed_7c/Branch_2/Conv2d_0b_3x1/Relu,Conv,['InceptionV4/InceptionV4/Mixed_7c/Branch_2/Conv2d_0b_3x1/Relu'],148662,3094,6624,821606
304,InceptionV4/InceptionV4/Mixed_7c/Branch_3/Conv2d_0b_1x1/Relu,Relu,['InceptionV4/InceptionV4/Mixed_7c/concat'],133602,3094,5393,5393
305,InceptionV4/InceptionV4/Mixed_7c/Branch_1/Conv2d_0b_1x3/Relu,Relu,['InceptionV4/InceptionV4/Mixed_7c/Branch_1/concat'],133602,3094,5393,5393
306,InceptionV4/InceptionV4/Mixed_7c/Branch_1/Conv2d_0c_3x1/Relu,Relu,['InceptionV4/InceptionV4/Mixed_7c/Branch_1/concat'],133602,3094,5393,5393
307,InceptionV4/InceptionV4/Mixed_7c/Branch_2/Conv2d_0b_3x1/Relu,Relu,['TFLITE2ONNX_FAF_InceptionV4/InceptionV4/Mixed_7c/Branch_2/Conv2d_0c_1x3/Relu'],133602,3094,6285,6285
308,InceptionV4/InceptionV4/Mixed_7c/Branch_1/concat,Concat,['InceptionV4/InceptionV4/Mixed_7c/concat'],133602,3094,4363,4363
309,TFLITE2ONNX_FAF_InceptionV4/InceptionV4/Mixed_7c/Branch_2/Conv2d_0c_1x3/Relu,Conv,['InceptionV4/InceptionV4/Mixed_7c/Branch_2/Conv2d_0c_1x3/Relu'],0,3094,14971,821606
310,InceptionV4/InceptionV4/Mixed_7c/Branch_2/Conv2d_0c_1x3/Relu,Relu,"['TFLITE2ONNX_FAF_InceptionV4/InceptionV4/Mixed_7c/Branch_2/Conv2d_0d_1x3/Relu', 'TFLITE2ONNX_FAF_InceptionV4/InceptionV4/Mixed_7c/Branch_2/Conv2d_0e_3x1/Relu']",133602,3094,6618,6618
311,TFLITE2ONNX_FAF_InceptionV4/InceptionV4/Mixed_7c/Branch_2/Conv2d_0d_1x3/Relu,Conv,['InceptionV4/InceptionV4/Mixed_7c/Branch_2/Conv2d_0d_1x3/Relu'],0,3094,8302,1247502
312,TFLITE2ONNX_FAF_InceptionV4/InceptionV4/Mixed_7c/Branch_2/Conv2d_0e_3x1/Relu,Conv,['InceptionV4/InceptionV4/Mixed_7c/Branch_2/Conv2d_0e_3x1/Relu'],0,3094,8302,1247502
313,InceptionV4/InceptionV4/Mixed_7c/Branch_2/Conv2d_0d_1x3/Relu,Relu,['InceptionV4/InceptionV4/Mixed_7c/Branch_2/concat'],133602,3094,5393,5393
314,InceptionV4/InceptionV4/Mixed_7c/Branch_2/Conv2d_0e_3x1/Relu,Relu,['InceptionV4/InceptionV4/Mixed_7c/Branch_2/concat'],133602,3094,5393,5393
315,InceptionV4/InceptionV4/Mixed_7c/Branch_2/concat,Concat,['InceptionV4/InceptionV4/Mixed_7c/concat'],133602,3094,4363,4363
316,InceptionV4/InceptionV4/Mixed_7c/concat,Concat,"['TFLITE2ONNX_FAF_InceptionV4/InceptionV4/Mixed_7d/Branch_0/Conv2d_0a_1x1/Relu', 'TFLITE2ONNX_FAF_InceptionV4/InceptionV4/Mixed_7d/Branch_1/Conv2d_0a_1x1/Relu', 'TFLITE2ONNX_FAF_InceptionV4/InceptionV4/Mixed_7d/Branch_2/Conv2d_0a_1x1/Relu', 'InceptionV4/InceptionV4/Mixed_7d/Branch_3/AvgPool_0a_3x3/AvgPool']",133602,5642,9841,9841
317,TFLITE2ONNX_FAF_InceptionV4/InceptionV4/Mixed_7d/Branch_0/Conv2d_0a_1x1/Relu,Conv,['InceptionV4/InceptionV4/Mixed_7d/Branch_0/Conv2d_0a_1x1/Relu'],125920,3094,8302,1247502
318,TFLITE2ONNX_FAF_InceptionV4/InceptionV4/Mixed_7d/Branch_1/Conv2d_0a_1x1/Relu,Conv,['InceptionV4/InceptionV4/Mixed_7d/Branch_1/Conv2d_0a_1x1/Relu'],64624,3094,7685,821606
319,TFLITE2ONNX_FAF_InceptionV4/InceptionV4/Mixed_7d/Branch_2/Conv2d_0a_1x1/Relu,Conv,['InceptionV4/InceptionV4/Mixed_7d/Branch_2/Conv2d_0a_1x1/Relu'],64624,3094,7685,821606
320,InceptionV4/InceptionV4/Mixed_7d/Branch_3/AvgPool_0a_3x3/AvgPool,AveragePool,['TFLITE2ONNX_FAF_InceptionV4/InceptionV4/Mixed_7d/Branch_3/Conv2d_0b_1x1/Relu'],133602,5642,-1,72649
321,InceptionV4/InceptionV4/Mixed_7d/Branch_0/Conv2d_0a_1x1/Relu,Relu,['InceptionV4/InceptionV4/Mixed_7d/concat'],133602,3094,5393,5393
322,InceptionV4/InceptionV4/Mixed_7d/Branch_1/Conv2d_0a_1x1/Relu,Relu,"['TFLITE2ONNX_FAF_InceptionV4/InceptionV4/Mixed_7d/Branch_1/Conv2d_0b_1x3/Relu', 'TFLITE2ONNX_FAF_InceptionV4/InceptionV4/Mixed_7d/Branch_1/Conv2d_0c_3x1/Relu']",133602,3094,6110,6110
323,InceptionV4/InceptionV4/Mixed_7d/Branch_2/Conv2d_0a_1x1/Relu,Relu,['TFLITE2ONNX_FAF_InceptionV4/InceptionV4/Mixed_7d/Branch_2/Conv2d_0b_3x1/Relu'],133602,3094,6110,6110
324,TFLITE2ONNX_FAF_InceptionV4/InceptionV4/Mixed_7d/Branch_3/Conv2d_0b_1x1/Relu,Conv,['InceptionV4/InceptionV4/Mixed_7d/Branch_3/Conv2d_0b_1x1/Relu'],125920,3094,8302,1247502
325,TFLITE2ONNX_FAF_InceptionV4/InceptionV4/Mixed_7d/Branch_1/Conv2d_0b_1x3/Relu,Conv,['InceptionV4/InceptionV4/Mixed_7d/Branch_1/Conv2d_0b_1x3/Relu'],50997,3094,3882,4432875
326,TFLITE2ONNX_FAF_InceptionV4/InceptionV4/Mixed_7d/Branch_1/Conv2d_0c_3x1/Relu,Conv,['InceptionV4/InceptionV4/Mixed_7d/Branch_1/Conv2d_0c_3x1/Relu'],50997,3094,3882,4432875
327,TFLITE2ONNX_FAF_InceptionV4/InceptionV4/Mixed_7d/Branch_2/Conv2d_0b_3x1/Relu,Conv,['InceptionV4/InceptionV4/Mixed_7d/Branch_2/Conv2d_0b_3x1/Relu'],148662,3094,6624,821606
328,InceptionV4/InceptionV4/Mixed_7d/Branch_3/Conv2d_0b_1x1/Relu,Relu,['InceptionV4/InceptionV4/Mixed_7d/concat'],133602,3094,5393,5393
329,InceptionV4/InceptionV4/Mixed_7d/Branch_1/Conv2d_0b_1x3/Relu,Relu,['InceptionV4/InceptionV4/Mixed_7d/Branch_1/concat'],133602,3094,5393,5393
330,InceptionV4/InceptionV4/Mixed_7d/Branch_1/Conv2d_0c_3x1/Relu,Relu,['InceptionV4/InceptionV4/Mixed_7d/Branch_1/concat'],133602,3094,5393,5393
331,InceptionV4/InceptionV4/Mixed_7d/Branch_2/Conv2d_0b_3x1/Relu,Relu,['TFLITE2ONNX_FAF_InceptionV4/InceptionV4/Mixed_7d/Branch_2/Conv2d_0c_1x3/Relu'],133602,3094,6285,6285
332,InceptionV4/InceptionV4/Mixed_7d/Branch_1/concat,Concat,['InceptionV4/InceptionV4/Mixed_7d/concat'],133602,3094,4363,4363
333,TFLITE2ONNX_FAF_InceptionV4/InceptionV4/Mixed_7d/Branch_2/Conv2d_0c_1x3/Relu,Conv,['InceptionV4/InceptionV4/Mixed_7d/Branch_2/Conv2d_0c_1x3/Relu'],0,3094,14971,821606
334,InceptionV4/InceptionV4/Mixed_7d/Branch_2/Conv2d_0c_1x3/Relu,Relu,"['TFLITE2ONNX_FAF_InceptionV4/InceptionV4/Mixed_7d/Branch_2/Conv2d_0d_1x3/Relu', 'TFLITE2ONNX_FAF_InceptionV4/InceptionV4/Mixed_7d/Branch_2/Conv2d_0e_3x1/Relu']",133602,3094,6618,6618
335,TFLITE2ONNX_FAF_InceptionV4/InceptionV4/Mixed_7d/Branch_2/Conv2d_0d_1x3/Relu,Conv,['InceptionV4/InceptionV4/Mixed_7d/Branch_2/Conv2d_0d_1x3/Relu'],0,3094,8302,1247502
336,TFLITE2ONNX_FAF_InceptionV4/InceptionV4/Mixed_7d/Branch_2/Conv2d_0e_3x1/Relu,Conv,['InceptionV4/InceptionV4/Mixed_7d/Branch_2/Conv2d_0e_3x1/Relu'],0,3094,8302,1247502
337,InceptionV4/InceptionV4/Mixed_7d/Branch_2/Conv2d_0d_1x3/Relu,Relu,['InceptionV4/InceptionV4/Mixed_7d/Branch_2/concat'],133602,3094,5393,5393
338,InceptionV4/InceptionV4/Mixed_7d/Branch_2/Conv2d_0e_3x1/Relu,Relu,['InceptionV4/InceptionV4/Mixed_7d/Branch_2/concat'],133602,3094,5393,5393
339,InceptionV4/InceptionV4/Mixed_7d/Branch_2/concat,Concat,['InceptionV4/InceptionV4/Mixed_7d/concat'],133602,3094,4363,4363
340,InceptionV4/InceptionV4/Mixed_7d/concat,Concat,['InceptionV4/Logits/AvgPool_1a/AvgPool'],133602,5642,9841,9841
341,InceptionV4/Logits/AvgPool_1a/AvgPool,AveragePool,['InceptionV4/Logits/Logits/BiasAdd'],133602,3094,-1,72649
342,InceptionV4/Logits/Logits/BiasAdd,Gemm,['InceptionV4/Logits/Predictions'],100,100,100,100
343,InceptionV4/Logits/Predictions,Softmax,[],133602,3094,-1,6204
