,group_id,graph_id,op_id,order,dispatch
0,group0,27,Mul_1938,0.0,cv_dsp0
1,group0,27,Add_1940,1.0,cv_dsp0
2,group0,27,Transpose_1941,2.0,cv_dsp0
3,group0,27,Reshape_1953,3.0,cv_dsp0
4,group0,26,ReduceSum_1915,0.0,cv_dsp0
5,group0,26,Reshape_1921,1.0,cv_dsp0
6,group0,26,Transpose_1922,2.0,cv_dsp0
7,group0,26,MatMul_1925,3.0,cv_dsp0
8,group0,26,Add_1927,4.0,cv_dsp0
9,group0,26,ReduceMean_1928,5.0,cv_dsp0
10,group0,26,Sub_1929,6.0,cv_dsp0
11,group0,26,Mul_1930,7.0,cv_dsp0
12,group0,26,ReduceMean_1931,8.0,cv_dsp0
13,group0,26,Add_1933,9.0,cv_dsp0
14,group0,26,Sqrt_1934,10.0,cv_dsp0
15,group0,26,Reciprocal_1935,11.0,cv_dsp0
16,group0,26,Mul_1936,12.0,cv_dsp0
17,group0,25,MatMul_1828,0.0,cv_dsp0
18,group0,25,MatMul_1719,15.0,cv_dsp0
19,group0,25,MatMul_1732,8.0,cv_dsp0
20,group0,25,Add_1830,1.0,cv_dsp0
21,group0,25,Add_1721,16.0,cv_dsp0
22,group0,25,Add_1734,9.0,cv_dsp0
23,group0,25,Reshape_1838,2.0,cv_dsp0
24,group0,25,Reshape_1729,17.0,cv_dsp0
25,group0,25,Reshape_1742,10.0,cv_dsp0
26,group0,25,Softmax_1839,3.0,cv_dsp0
27,group0,25,Transpose_1870,18.0,cv_dsp0
28,group0,25,Div_1824,11.0,cv_dsp0
29,group0,25,Reshape_1845,4.0,cv_dsp0
30,group0,25,Reshape_1877,19.0,cv_dsp0
31,group0,25,Add_1825,20.0,cv_dsp0
32,group0,25,Reshape_1901,5.0,cv_dsp0
33,group0,25,Mul_1865,21.0,cv_dsp0
34,group0,25,Transpose_1902,6.0,cv_dsp0
35,group0,25,Sub_1867,22.0,cv_dsp0
36,group0,25,Reshape_1910,7.0,cv_dsp0
37,group0,25,Reshape_1885,23.0,cv_dsp0
38,group0,25,Concat_1911,12.0,maca
39,group0,25,Transpose_1886,24.0,cv_dsp0
40,group0,25,Concat_1912,13.0,maca
41,group0,25,Reshape_1894,25.0,cv_dsp0
42,group0,25,Concat_1913,14.0,maca
43,group0,25,grid_sampler_1895,26.0,cv_dsp0
44,group0,25,Mul_1914,27.0,cv_dsp0
45,group0,24,Mul_1675,0.0,cv_dsp0
46,group0,24,Add_1677,1.0,cv_dsp0
47,group0,24,Transpose_1678,2.0,cv_dsp0
48,group0,24,Reshape_1688,3.0,cv_dsp0
49,group0,24,Reshape_1706,4.0,cv_dsp0
50,group0,24,Transpose_1707,5.0,cv_dsp0
51,group0,23,MatMul_1661,0.0,cv_dsp0
52,group0,23,Add_1663,1.0,cv_dsp0
53,group0,23,Add_1664,2.0,cv_dsp0
54,group0,23,ReduceMean_1665,3.0,cv_dsp0
55,group0,23,Sub_1666,4.0,cv_dsp0
56,group0,23,Mul_1667,5.0,cv_dsp0
57,group0,23,ReduceMean_1668,6.0,cv_dsp0
58,group0,23,Add_1670,7.0,cv_dsp0
59,group0,23,Sqrt_1671,8.0,cv_dsp0
60,group0,23,Reciprocal_1672,9.0,cv_dsp0
61,group0,23,Mul_1673,10.0,cv_dsp0
62,group0,22,Gather_1520,3.0,cv_dsp0
63,group0,22,Gather_1562,6.0,cv_dsp0
64,group0,22,Gather_1436,2.0,cv_dsp0
65,group0,22,Gather_1604,5.0,cv_dsp0
66,group0,22,Gather_1478,0.0,cv_dsp0
67,group0,22,Clip_1654,1.0,maca
68,group0,22,Gather_1394,4.0,cv_dsp0
69,group0,22,Gather_1522,9.0,cv_dsp0
70,group0,22,Gather_1564,12.0,cv_dsp0
71,group0,22,Gather_1438,8.0,cv_dsp0
72,group0,22,Gather_1606,11.0,cv_dsp0
73,group0,22,Gather_1480,7.0,cv_dsp0
74,group0,22,Cast_1655,26.0,cv_dsp0
75,group0,22,Gather_1396,10.0,cv_dsp0
76,group0,22,Slice_1527,15.0,cv_dsp0
77,group0,22,Slice_1569,18.0,cv_dsp0
78,group0,22,Slice_1443,14.0,cv_dsp0
79,group0,22,Slice_1611,17.0,cv_dsp0
80,group0,22,Slice_1485,13.0,cv_dsp0
81,group0,22,Unsqueeze_1656,27.0,cv_dsp0
82,group0,22,Slice_1401,16.0,cv_dsp0
83,group0,22,Cast_1657,29.0,cv_dsp0
84,group0,22,Add_1402,19.0,cv_dsp0
85,group0,22,Reshape_1430,20.0,cv_dsp0
86,group0,22,ScatterND_1431,21.0,cv_dsp0
87,group0,22,Gather_1433,22.0,cv_dsp0
88,group0,22,Gather_1434,23.0,cv_dsp0
89,group0,22,Add_1444,24.0,cv_dsp0
90,group0,22,Reshape_1472,25.0,cv_dsp0
91,group0,22,ScatterND_1473,28.0,cv_dsp0
92,group0,22,Gather_1475,30.0,cv_dsp0
93,group0,22,Gather_1476,31.0,cv_dsp0
94,group0,22,Add_1486,32.0,cv_dsp0
95,group0,22,Reshape_1514,33.0,cv_dsp0
96,group0,22,ScatterND_1515,34.0,cv_dsp0
97,group0,22,Gather_1517,35.0,cv_dsp0
98,group0,22,Gather_1518,36.0,cv_dsp0
99,group0,22,Add_1528,37.0,cv_dsp0
100,group0,22,Reshape_1556,38.0,cv_dsp0
101,group0,22,ScatterND_1557,39.0,cv_dsp0
102,group0,22,Gather_1559,40.0,cv_dsp0
103,group0,22,Gather_1560,41.0,cv_dsp0
104,group0,22,Add_1570,42.0,cv_dsp0
105,group0,22,Reshape_1598,43.0,cv_dsp0
106,group0,22,ScatterND_1599,44.0,cv_dsp0
107,group0,22,Gather_1601,45.0,cv_dsp0
108,group0,22,Gather_1602,46.0,cv_dsp0
109,group0,22,Add_1612,47.0,cv_dsp0
110,group0,22,Reshape_1640,48.0,cv_dsp0
111,group0,22,ScatterND_1641,49.0,cv_dsp0
112,group0,22,Div_1658,50.0,cv_dsp0
113,group0,21,Mul_1373,0.0,cv_dsp0
114,group0,21,ReduceSum_1374,1.0,cv_dsp0
115,group0,21,Reshape_1380,2.0,cv_dsp0
116,group0,21,Transpose_1381,3.0,cv_dsp0
117,group0,21,Reshape_1390,4.0,cv_dsp0
118,group0,20,Relu_122,0.0,cv_dsp0
119,group0,20,Reshape_133,1.0,cv_dsp0
120,group0,20,Reshape_147,2.0,cv_dsp0
121,group0,20,Conv_150,3.0,maca
122,group0,20,Reshape_160,4.0,cv_dsp0
123,group0,20,Reshape_1190,5.0,cv_dsp0
124,group0,20,Transpose_1193,6.0,cv_dsp0
125,group0,20,Reshape_1200,7.0,cv_dsp0
126,group0,20,MatMul_1223,8.0,cv_dsp0
127,group0,20,Add_1225,9.0,cv_dsp0
128,group0,20,Reshape_1233,10.0,cv_dsp0
129,group0,20,Reshape_1328,11.0,cv_dsp0
130,group0,20,Transpose_1329,12.0,cv_dsp0
131,group0,20,Reshape_1336,13.0,cv_dsp0
132,group0,20,grid_sampler_1352,14.0,cv_dsp0
133,group0,20,Unsqueeze_1363,15.0,cv_dsp0
134,group0,20,Shape_1365,16.0,cv_dsp0
135,group0,20,Slice_1369,17.0,cv_dsp0
136,group0,20,Concat_1371,18.0,cv_dsp0
137,group0,20,Reshape_1372,19.0,cv_dsp0
138,group0,19,Relu_115,0.0,maca
139,group0,19,Conv_116,1.0,maca
140,group0,19,Relu_117,2.0,maca
141,group0,19,Conv_118,3.0,maca
142,group0,19,Relu_119,4.0,maca
143,group0,19,Conv_120,5.0,maca
144,group0,19,Add_121,6.0,cv_dsp0
145,group0,18,Relu_108,0.0,maca
146,group0,18,Conv_109,1.0,maca
147,group0,18,Relu_110,2.0,maca
148,group0,18,Conv_111,3.0,maca
149,group0,18,Relu_112,4.0,maca
150,group0,18,Conv_113,5.0,maca
151,group0,18,Add_114,6.0,cv_dsp0
152,group0,17,Conv_106,1.0,maca
153,group0,17,Conv_101,0.0,maca
154,group0,17,Relu_102,2.0,cv_dsp0
155,group0,17,Conv_103,3.0,maca
156,group0,17,Relu_104,4.0,maca
157,group0,17,Conv_105,5.0,maca
158,group0,17,Add_107,6.0,cv_dsp0
159,group0,16,Relu_100,0.0,maca
160,group0,15,Relu_93,0.0,maca
161,group0,15,Conv_94,1.0,maca
162,group0,15,Relu_95,2.0,maca
163,group0,15,Conv_96,3.0,maca
164,group0,15,Relu_97,4.0,maca
165,group0,15,Conv_98,5.0,maca
166,group0,15,Add_99,6.0,cv_dsp0
167,group0,14,Relu_86,0.0,maca
168,group0,14,Conv_87,1.0,maca
169,group0,14,Relu_88,2.0,maca
170,group0,14,Conv_89,3.0,maca
171,group0,14,Relu_90,4.0,maca
172,group0,14,Conv_91,5.0,maca
173,group0,14,Add_92,6.0,cv_dsp0
174,group0,13,Relu_79,0.0,maca
175,group0,13,Conv_80,1.0,maca
176,group0,13,Relu_81,2.0,maca
177,group0,13,Conv_82,3.0,maca
178,group0,13,Relu_83,4.0,maca
179,group0,13,Conv_84,5.0,maca
180,group0,13,Add_85,6.0,cv_dsp0
181,group0,12,Relu_72,0.0,maca
182,group0,12,Conv_73,1.0,maca
183,group0,12,Relu_74,2.0,maca
184,group0,12,Conv_75,3.0,maca
185,group0,12,Relu_76,4.0,maca
186,group0,12,Conv_77,5.0,maca
187,group0,12,Add_78,6.0,cv_dsp0
188,group0,11,Relu_65,0.0,maca
189,group0,11,Conv_66,1.0,maca
190,group0,11,Relu_67,2.0,maca
191,group0,11,Conv_68,3.0,maca
192,group0,11,Relu_69,4.0,maca
193,group0,11,Conv_70,5.0,maca
194,group0,11,Add_71,6.0,cv_dsp0
195,group0,10,Conv_58,0.0,maca
196,group0,10,Conv_63,1.0,maca
197,group0,10,Relu_59,2.0,cv_dsp0
198,group0,10,Conv_60,3.0,maca
199,group0,10,Relu_61,4.0,maca
200,group0,10,Conv_62,5.0,maca
201,group0,10,Add_64,6.0,cv_dsp0
202,group0,9,Relu_57,0.0,maca
203,group0,8,Relu_50,0.0,maca
204,group0,8,Conv_51,1.0,maca
205,group0,8,Relu_52,2.0,maca
206,group0,8,Conv_53,3.0,maca
207,group0,8,Relu_54,4.0,maca
208,group0,8,Conv_55,5.0,maca
209,group0,8,Add_56,6.0,cv_dsp0
210,group0,7,Relu_43,0.0,maca
211,group0,7,Conv_44,1.0,maca
212,group0,7,Relu_45,2.0,maca
213,group0,7,Conv_46,3.0,maca
214,group0,7,Relu_47,4.0,maca
215,group0,7,Conv_48,5.0,maca
216,group0,7,Add_49,6.0,cv_dsp0
217,group0,6,Relu_36,0.0,maca
218,group0,6,Conv_37,1.0,maca
219,group0,6,Relu_38,2.0,maca
220,group0,6,Conv_39,3.0,maca
221,group0,6,Relu_40,4.0,maca
222,group0,6,Conv_41,5.0,maca
223,group0,6,Add_42,6.0,cv_dsp0
224,group0,5,Conv_29,0.0,maca
225,group0,5,Conv_34,1.0,maca
226,group0,5,Relu_30,2.0,maca
227,group0,5,Conv_31,3.0,maca
228,group0,5,Relu_32,4.0,maca
229,group0,5,Conv_33,5.0,maca
230,group0,5,Add_35,6.0,cv_dsp0
231,group0,4,Relu_28,0.0,maca
232,group0,3,Relu_21,0.0,maca
233,group0,3,Conv_22,1.0,maca
234,group0,3,Relu_23,2.0,maca
235,group0,3,Conv_24,3.0,maca
236,group0,3,Relu_25,4.0,maca
237,group0,3,Conv_26,5.0,maca
238,group0,3,Add_27,6.0,cv_dsp0
239,group0,2,Relu_14,0.0,maca
240,group0,2,Conv_15,1.0,maca
241,group0,2,Relu_16,2.0,maca
242,group0,2,Conv_17,3.0,maca
243,group0,2,Relu_18,4.0,maca
244,group0,2,Conv_19,5.0,maca
245,group0,2,Add_20,6.0,cv_dsp0
246,group0,1,Conv_7,1.0,maca
247,group0,1,Conv_12,0.0,cv_dsp0
248,group0,1,Relu_8,2.0,maca
249,group0,1,Conv_9,3.0,maca
250,group0,1,Relu_10,4.0,maca
251,group0,1,Conv_11,5.0,maca
252,group0,1,Add_13,6.0,cv_dsp0
253,group0,0,Unsqueeze_0,0.0,cv_dsp0
254,group0,0,Squeeze_3,1.0,maca
255,group0,0,Conv_4,2.0,maca
256,group0,0,Relu_5,3.0,maca
257,group0,0,MaxPool_6,4.0,maca
258,group1,27,Mul_1938,0.0,cv_dsp1
259,group1,27,Add_1940,1.0,cv_dsp1
260,group1,27,Transpose_1941,2.0,cv_dsp1
261,group1,27,Reshape_1953,3.0,cv_dsp1
262,group1,26,ReduceSum_1915,0.0,cv_dsp1
263,group1,26,Reshape_1921,1.0,cv_dsp1
264,group1,26,Transpose_1922,2.0,cv_dsp1
265,group1,26,MatMul_1925,3.0,cv_dsp1
266,group1,26,Add_1927,4.0,cv_dsp1
267,group1,26,ReduceMean_1928,5.0,cv_dsp1
268,group1,26,Sub_1929,6.0,cv_dsp1
269,group1,26,Mul_1930,7.0,cv_dsp1
270,group1,26,ReduceMean_1931,8.0,cv_dsp1
271,group1,26,Add_1933,9.0,cv_dsp1
272,group1,26,Sqrt_1934,10.0,cv_dsp1
273,group1,26,Reciprocal_1935,11.0,cv_dsp1
274,group1,26,Mul_1936,12.0,cv_dsp1
275,group1,25,MatMul_1828,1.0,cv_dsp0
276,group1,25,MatMul_1719,0.0,cv_dsp1
277,group1,25,MatMul_1732,10.0,cv_dsp0
278,group1,25,Add_1830,2.0,cv_dsp0
279,group1,25,Add_1721,16.0,cv_dsp1
280,group1,25,Add_1734,13.0,cv_dsp0
281,group1,25,Reshape_1838,3.0,cv_dsp0
282,group1,25,Reshape_1729,20.0,cv_dsp1
283,group1,25,Reshape_1742,14.0,cv_dsp0
284,group1,25,Softmax_1839,4.0,cv_dsp0
285,group1,25,Transpose_1870,21.0,cv_dsp1
286,group1,25,Div_1824,15.0,cv_dsp0
287,group1,25,Reshape_1845,5.0,cv_dsp0
288,group1,25,Reshape_1877,25.0,cv_dsp1
289,group1,25,Add_1825,17.0,cv_dsp0
290,group1,25,Reshape_1901,6.0,cv_dsp0
291,group1,25,Mul_1865,18.0,cv_dsp0
292,group1,25,Transpose_1902,7.0,cv_dsp0
293,group1,25,Sub_1867,19.0,cv_dsp0
294,group1,25,Reshape_1910,8.0,cv_dsp0
295,group1,25,Reshape_1885,22.0,cv_dsp0
296,group1,25,Concat_1911,9.0,cv_dsp0
297,group1,25,Transpose_1886,23.0,cv_dsp0
298,group1,25,Concat_1912,11.0,maca
299,group1,25,Reshape_1894,24.0,cv_dsp0
300,group1,25,Concat_1913,12.0,maca
301,group1,25,grid_sampler_1895,26.0,cv_dsp1
302,group1,25,Mul_1914,27.0,cv_dsp1
303,group1,24,Mul_1675,0.0,cv_dsp1
304,group1,24,Add_1677,1.0,cv_dsp1
305,group1,24,Transpose_1678,2.0,cv_dsp1
306,group1,24,Reshape_1688,3.0,cv_dsp1
307,group1,24,Reshape_1706,4.0,cv_dsp1
308,group1,24,Transpose_1707,5.0,cv_dsp1
309,group1,23,MatMul_1661,0.0,cv_dsp1
310,group1,23,Add_1663,1.0,cv_dsp1
311,group1,23,Add_1664,2.0,cv_dsp1
312,group1,23,ReduceMean_1665,3.0,cv_dsp1
313,group1,23,Sub_1666,4.0,cv_dsp1
314,group1,23,Mul_1667,5.0,cv_dsp1
315,group1,23,ReduceMean_1668,6.0,cv_dsp1
316,group1,23,Add_1670,7.0,cv_dsp1
317,group1,23,Sqrt_1671,8.0,cv_dsp1
318,group1,23,Reciprocal_1672,9.0,cv_dsp1
319,group1,23,Mul_1673,10.0,cv_dsp1
320,group1,22,Gather_1520,3.0,cv_dsp0
321,group1,22,Gather_1562,6.0,cv_dsp0
322,group1,22,Gather_1436,2.0,cv_dsp0
323,group1,22,Gather_1604,5.0,cv_dsp0
324,group1,22,Gather_1478,0.0,cv_dsp0
325,group1,22,Clip_1654,1.0,maca
326,group1,22,Gather_1394,4.0,cv_dsp0
327,group1,22,Gather_1522,9.0,cv_dsp0
328,group1,22,Gather_1564,12.0,cv_dsp0
329,group1,22,Gather_1438,8.0,cv_dsp0
330,group1,22,Gather_1606,11.0,cv_dsp0
331,group1,22,Gather_1480,7.0,cv_dsp0
332,group1,22,Cast_1655,26.0,cv_dsp0
333,group1,22,Gather_1396,10.0,cv_dsp0
334,group1,22,Slice_1527,15.0,cv_dsp0
335,group1,22,Slice_1569,18.0,cv_dsp0
336,group1,22,Slice_1443,14.0,cv_dsp0
337,group1,22,Slice_1611,17.0,cv_dsp0
338,group1,22,Slice_1485,13.0,cv_dsp0
339,group1,22,Unsqueeze_1656,27.0,cv_dsp0
340,group1,22,Slice_1401,16.0,cv_dsp0
341,group1,22,Cast_1657,29.0,cv_dsp0
342,group1,22,Add_1402,19.0,cv_dsp0
343,group1,22,Reshape_1430,20.0,cv_dsp0
344,group1,22,ScatterND_1431,21.0,cv_dsp0
345,group1,22,Gather_1433,22.0,cv_dsp0
346,group1,22,Gather_1434,23.0,cv_dsp0
347,group1,22,Add_1444,24.0,cv_dsp0
348,group1,22,Reshape_1472,25.0,cv_dsp0
349,group1,22,ScatterND_1473,28.0,cv_dsp0
350,group1,22,Gather_1475,30.0,cv_dsp0
351,group1,22,Gather_1476,31.0,cv_dsp0
352,group1,22,Add_1486,32.0,cv_dsp0
353,group1,22,Reshape_1514,33.0,cv_dsp0
354,group1,22,ScatterND_1515,34.0,cv_dsp0
355,group1,22,Gather_1517,35.0,cv_dsp0
356,group1,22,Gather_1518,36.0,cv_dsp0
357,group1,22,Add_1528,37.0,cv_dsp0
358,group1,22,Reshape_1556,38.0,cv_dsp0
359,group1,22,ScatterND_1557,39.0,cv_dsp0
360,group1,22,Gather_1559,40.0,cv_dsp0
361,group1,22,Gather_1560,41.0,cv_dsp0
362,group1,22,Add_1570,42.0,cv_dsp0
363,group1,22,Reshape_1598,43.0,cv_dsp0
364,group1,22,ScatterND_1599,44.0,cv_dsp0
365,group1,22,Gather_1601,45.0,cv_dsp0
366,group1,22,Gather_1602,46.0,cv_dsp0
367,group1,22,Add_1612,47.0,cv_dsp0
368,group1,22,Reshape_1640,48.0,cv_dsp0
369,group1,22,ScatterND_1641,49.0,cv_dsp0
370,group1,22,Div_1658,50.0,cv_dsp0
371,group1,21,Mul_1373,0.0,cv_dsp0
372,group1,21,ReduceSum_1374,1.0,cv_dsp0
373,group1,21,Reshape_1380,2.0,cv_dsp0
374,group1,21,Transpose_1381,3.0,cv_dsp0
375,group1,21,Reshape_1390,4.0,cv_dsp0
376,group1,20,Relu_122,0.0,cv_dsp0
377,group1,20,Reshape_133,1.0,cv_dsp0
378,group1,20,Reshape_147,2.0,cv_dsp0
379,group1,20,Conv_150,3.0,maca
380,group1,20,Reshape_160,4.0,cv_dsp0
381,group1,20,Reshape_1190,5.0,cv_dsp0
382,group1,20,Transpose_1193,6.0,cv_dsp0
383,group1,20,Reshape_1200,7.0,cv_dsp0
384,group1,20,MatMul_1223,8.0,cv_dsp0
385,group1,20,Add_1225,9.0,cv_dsp0
386,group1,20,Reshape_1233,10.0,cv_dsp0
387,group1,20,Reshape_1328,11.0,cv_dsp0
388,group1,20,Transpose_1329,12.0,cv_dsp0
389,group1,20,Reshape_1336,13.0,cv_dsp0
390,group1,20,grid_sampler_1352,14.0,cv_dsp0
391,group1,20,Unsqueeze_1363,15.0,cv_dsp0
392,group1,20,Shape_1365,16.0,cv_dsp0
393,group1,20,Slice_1369,17.0,cv_dsp0
394,group1,20,Concat_1371,18.0,cv_dsp0
395,group1,20,Reshape_1372,19.0,cv_dsp0
396,group1,19,Relu_115,0.0,maca
397,group1,19,Conv_116,1.0,maca
398,group1,19,Relu_117,2.0,maca
399,group1,19,Conv_118,3.0,maca
400,group1,19,Relu_119,4.0,maca
401,group1,19,Conv_120,5.0,maca
402,group1,19,Add_121,6.0,cv_dsp0
403,group1,18,Relu_108,0.0,maca
404,group1,18,Conv_109,1.0,maca
405,group1,18,Relu_110,2.0,maca
406,group1,18,Conv_111,3.0,maca
407,group1,18,Relu_112,4.0,maca
408,group1,18,Conv_113,5.0,maca
409,group1,18,Add_114,6.0,cv_dsp0
410,group1,17,Conv_106,1.0,maca
411,group1,17,Conv_101,0.0,maca
412,group1,17,Relu_102,2.0,cv_dsp1
413,group1,17,Conv_103,3.0,maca
414,group1,17,Relu_104,4.0,maca
415,group1,17,Conv_105,5.0,maca
416,group1,17,Add_107,6.0,cv_dsp1
417,group1,16,Relu_100,0.0,cv_dsp1
418,group1,15,Relu_93,0.0,maca
419,group1,15,Conv_94,1.0,maca
420,group1,15,Relu_95,2.0,maca
421,group1,15,Conv_96,3.0,maca
422,group1,15,Relu_97,4.0,maca
423,group1,15,Conv_98,5.0,maca
424,group1,15,Add_99,6.0,cv_dsp0
425,group1,14,Relu_86,0.0,maca
426,group1,14,Conv_87,1.0,maca
427,group1,14,Relu_88,2.0,maca
428,group1,14,Conv_89,3.0,maca
429,group1,14,Relu_90,4.0,maca
430,group1,14,Conv_91,5.0,maca
431,group1,14,Add_92,6.0,cv_dsp0
432,group1,13,Relu_79,0.0,maca
433,group1,13,Conv_80,1.0,maca
434,group1,13,Relu_81,2.0,maca
435,group1,13,Conv_82,3.0,maca
436,group1,13,Relu_83,4.0,maca
437,group1,13,Conv_84,5.0,maca
438,group1,13,Add_85,6.0,cv_dsp0
439,group1,12,Relu_72,0.0,maca
440,group1,12,Conv_73,1.0,maca
441,group1,12,Relu_74,2.0,maca
442,group1,12,Conv_75,3.0,maca
443,group1,12,Relu_76,4.0,maca
444,group1,12,Conv_77,5.0,maca
445,group1,12,Add_78,6.0,cv_dsp0
446,group1,11,Relu_65,0.0,maca
447,group1,11,Conv_66,1.0,maca
448,group1,11,Relu_67,2.0,maca
449,group1,11,Conv_68,3.0,maca
450,group1,11,Relu_69,4.0,maca
451,group1,11,Conv_70,5.0,maca
452,group1,11,Add_71,6.0,cv_dsp0
453,group1,10,Conv_58,0.0,maca
454,group1,10,Conv_63,3.0,maca
455,group1,10,Relu_59,1.0,maca
456,group1,10,Conv_60,2.0,maca
457,group1,10,Relu_61,4.0,cv_dsp0
458,group1,10,Conv_62,5.0,maca
459,group1,10,Add_64,6.0,cv_dsp1
460,group1,9,Relu_57,0.0,cv_dsp0
461,group1,8,Relu_50,0.0,maca
462,group1,8,Conv_51,1.0,maca
463,group1,8,Relu_52,2.0,maca
464,group1,8,Conv_53,3.0,maca
465,group1,8,Relu_54,4.0,maca
466,group1,8,Conv_55,5.0,maca
467,group1,8,Add_56,6.0,cv_dsp0
468,group1,7,Relu_43,0.0,maca
469,group1,7,Conv_44,1.0,maca
470,group1,7,Relu_45,2.0,maca
471,group1,7,Conv_46,3.0,maca
472,group1,7,Relu_47,4.0,maca
473,group1,7,Conv_48,5.0,maca
474,group1,7,Add_49,6.0,cv_dsp0
475,group1,6,Relu_36,0.0,maca
476,group1,6,Conv_37,1.0,maca
477,group1,6,Relu_38,2.0,maca
478,group1,6,Conv_39,3.0,maca
479,group1,6,Relu_40,4.0,maca
480,group1,6,Conv_41,5.0,maca
481,group1,6,Add_42,6.0,cv_dsp0
482,group1,5,Conv_29,0.0,maca
483,group1,5,Conv_34,1.0,maca
484,group1,5,Relu_30,2.0,maca
485,group1,5,Conv_31,3.0,maca
486,group1,5,Relu_32,4.0,maca
487,group1,5,Conv_33,5.0,maca
488,group1,5,Add_35,6.0,cv_dsp0
489,group1,4,Relu_28,0.0,cv_dsp0
490,group1,3,Relu_21,0.0,maca
491,group1,3,Conv_22,1.0,maca
492,group1,3,Relu_23,2.0,maca
493,group1,3,Conv_24,3.0,maca
494,group1,3,Relu_25,4.0,maca
495,group1,3,Conv_26,5.0,maca
496,group1,3,Add_27,6.0,cv_dsp0
497,group1,2,Relu_14,0.0,maca
498,group1,2,Conv_15,1.0,maca
499,group1,2,Relu_16,2.0,maca
500,group1,2,Conv_17,3.0,maca
501,group1,2,Relu_18,4.0,maca
502,group1,2,Conv_19,5.0,maca
503,group1,2,Add_20,6.0,cv_dsp0
504,group1,1,Conv_7,1.0,maca
505,group1,1,Conv_12,0.0,cv_dsp1
506,group1,1,Relu_8,2.0,maca
507,group1,1,Conv_9,3.0,maca
508,group1,1,Relu_10,4.0,maca
509,group1,1,Conv_11,5.0,maca
510,group1,1,Add_13,6.0,cv_dsp1
511,group1,0,Unsqueeze_0,0.0,cv_dsp1
512,group1,0,Squeeze_3,1.0,maca
513,group1,0,Conv_4,2.0,maca
514,group1,0,Relu_5,3.0,maca
515,group1,0,MaxPool_6,4.0,maca
516,group2,27,Mul_1938,0.0,cv_dsp1
517,group2,27,Add_1940,1.0,cv_dsp1
518,group2,27,Transpose_1941,2.0,cv_dsp1
519,group2,27,Reshape_1953,3.0,cv_dsp1
520,group2,26,ReduceSum_1915,0.0,cv_dsp1
521,group2,26,Reshape_1921,1.0,cv_dsp1
522,group2,26,Transpose_1922,2.0,cv_dsp1
523,group2,26,MatMul_1925,3.0,cv_dsp1
524,group2,26,Add_1927,4.0,cv_dsp1
525,group2,26,ReduceMean_1928,5.0,cv_dsp1
526,group2,26,Sub_1929,6.0,cv_dsp1
527,group2,26,Mul_1930,7.0,cv_dsp1
528,group2,26,ReduceMean_1931,8.0,cv_dsp1
529,group2,26,Add_1933,9.0,cv_dsp1
530,group2,26,Sqrt_1934,10.0,cv_dsp1
531,group2,26,Reciprocal_1935,11.0,cv_dsp1
532,group2,26,Mul_1936,12.0,cv_dsp1
533,group2,25,MatMul_1828,2.0,cv_dsp1
534,group2,25,MatMul_1719,0.0,cv_dsp0
535,group2,25,MatMul_1732,1.0,cv_dsp1
536,group2,25,Add_1830,3.0,cv_dsp1
537,group2,25,Add_1721,16.0,cv_dsp0
538,group2,25,Add_1734,13.0,cv_dsp1
539,group2,25,Reshape_1838,4.0,cv_dsp1
540,group2,25,Reshape_1729,20.0,cv_dsp0
541,group2,25,Reshape_1742,14.0,cv_dsp1
542,group2,25,Softmax_1839,5.0,cv_dsp1
543,group2,25,Transpose_1870,21.0,cv_dsp0
544,group2,25,Div_1824,15.0,cv_dsp1
545,group2,25,Reshape_1845,6.0,cv_dsp1
546,group2,25,Reshape_1877,25.0,cv_dsp0
547,group2,25,Add_1825,17.0,cv_dsp1
548,group2,25,Reshape_1901,7.0,cv_dsp1
549,group2,25,Mul_1865,18.0,cv_dsp1
550,group2,25,Transpose_1902,8.0,cv_dsp1
551,group2,25,Sub_1867,19.0,cv_dsp1
552,group2,25,Reshape_1910,9.0,cv_dsp1
553,group2,25,Reshape_1885,22.0,cv_dsp1
554,group2,25,Concat_1911,10.0,cv_dsp1
555,group2,25,Transpose_1886,23.0,cv_dsp1
556,group2,25,Concat_1912,11.0,cv_dsp1
557,group2,25,Reshape_1894,24.0,cv_dsp1
558,group2,25,Concat_1913,12.0,cv_dsp1
559,group2,25,grid_sampler_1895,26.0,cv_dsp0
560,group2,25,Mul_1914,27.0,cv_dsp0
561,group2,24,Mul_1675,0.0,cv_dsp1
562,group2,24,Add_1677,1.0,cv_dsp1
563,group2,24,Transpose_1678,2.0,cv_dsp1
564,group2,24,Reshape_1688,3.0,cv_dsp1
565,group2,24,Reshape_1706,4.0,cv_dsp1
566,group2,24,Transpose_1707,5.0,cv_dsp1
567,group2,23,MatMul_1661,0.0,cv_dsp1
568,group2,23,Add_1663,1.0,cv_dsp1
569,group2,23,Add_1664,2.0,cv_dsp1
570,group2,23,ReduceMean_1665,3.0,cv_dsp1
571,group2,23,Sub_1666,4.0,cv_dsp1
572,group2,23,Mul_1667,5.0,cv_dsp1
573,group2,23,ReduceMean_1668,6.0,cv_dsp1
574,group2,23,Add_1670,7.0,cv_dsp1
575,group2,23,Sqrt_1671,8.0,cv_dsp1
576,group2,23,Reciprocal_1672,9.0,cv_dsp1
577,group2,23,Mul_1673,10.0,cv_dsp1
578,group2,21,Mul_1373,0.0,cv_dsp1
579,group2,21,ReduceSum_1374,1.0,cv_dsp1
580,group2,21,Reshape_1380,2.0,cv_dsp1
581,group2,21,Transpose_1381,3.0,cv_dsp1
582,group2,21,Reshape_1390,4.0,cv_dsp1
583,group2,20,Relu_122,0.0,cv_dsp1
584,group2,20,Reshape_133,1.0,cv_dsp1
585,group2,20,Reshape_147,2.0,cv_dsp1
586,group2,20,Conv_150,3.0,cv_dsp1
587,group2,20,Reshape_160,4.0,cv_dsp1
588,group2,20,Reshape_1190,5.0,cv_dsp1
589,group2,20,Transpose_1193,6.0,cv_dsp1
590,group2,20,Reshape_1200,7.0,cv_dsp1
591,group2,20,MatMul_1223,8.0,cv_dsp1
592,group2,20,Add_1225,9.0,cv_dsp1
593,group2,20,Reshape_1233,10.0,cv_dsp1
594,group2,20,Reshape_1328,11.0,cv_dsp1
595,group2,20,Transpose_1329,12.0,cv_dsp1
596,group2,20,Reshape_1336,13.0,cv_dsp1
597,group2,20,grid_sampler_1352,14.0,cv_dsp1
598,group2,20,Unsqueeze_1363,15.0,cv_dsp1
599,group2,20,Shape_1365,16.0,cv_dsp1
600,group2,20,Slice_1369,17.0,cv_dsp1
601,group2,20,Concat_1371,18.0,cv_dsp1
602,group2,20,Reshape_1372,19.0,cv_dsp1
603,group2,19,Relu_115,0.0,cv_dsp1
604,group2,19,Conv_116,1.0,cv_dsp1
605,group2,19,Relu_117,2.0,cv_dsp1
606,group2,19,Conv_118,3.0,cv_dsp1
607,group2,19,Relu_119,4.0,cv_dsp1
608,group2,19,Conv_120,5.0,cv_dsp1
609,group2,19,Add_121,6.0,cv_dsp1
610,group2,18,Relu_108,0.0,cv_dsp1
611,group2,18,Conv_109,1.0,cv_dsp1
612,group2,18,Relu_110,2.0,cv_dsp1
613,group2,18,Conv_111,3.0,cv_dsp1
614,group2,18,Relu_112,4.0,cv_dsp1
615,group2,18,Conv_113,5.0,cv_dsp1
616,group2,18,Add_114,6.0,cv_dsp1
617,group2,17,Conv_106,0.0,cv_dsp1
618,group2,17,Conv_101,1.0,cv_dsp0
619,group2,17,Relu_102,2.0,cv_dsp0
620,group2,17,Conv_103,3.0,cv_dsp0
621,group2,17,Relu_104,4.0,cv_dsp0
622,group2,17,Conv_105,5.0,cv_dsp0
623,group2,17,Add_107,6.0,cv_dsp0
624,group2,16,Relu_100,0.0,cv_dsp1
625,group2,15,Relu_93,0.0,cv_dsp1
626,group2,15,Conv_94,1.0,cv_dsp1
627,group2,15,Relu_95,2.0,cv_dsp1
628,group2,15,Conv_96,3.0,cv_dsp1
629,group2,15,Relu_97,4.0,cv_dsp1
630,group2,15,Conv_98,5.0,cv_dsp1
631,group2,15,Add_99,6.0,cv_dsp1
632,group2,14,Relu_86,0.0,cv_dsp1
633,group2,14,Conv_87,1.0,cv_dsp1
634,group2,14,Relu_88,2.0,cv_dsp1
635,group2,14,Conv_89,3.0,cv_dsp1
636,group2,14,Relu_90,4.0,cv_dsp1
637,group2,14,Conv_91,5.0,cv_dsp1
638,group2,14,Add_92,6.0,cv_dsp1
639,group2,13,Relu_79,0.0,cv_dsp1
640,group2,13,Conv_80,1.0,cv_dsp1
641,group2,13,Relu_81,2.0,cv_dsp1
642,group2,13,Conv_82,3.0,cv_dsp1
643,group2,13,Relu_83,4.0,cv_dsp1
644,group2,13,Conv_84,5.0,cv_dsp1
645,group2,13,Add_85,6.0,cv_dsp1
646,group2,12,Relu_72,0.0,cv_dsp1
647,group2,12,Conv_73,1.0,cv_dsp1
648,group2,12,Relu_74,2.0,cv_dsp1
649,group2,12,Conv_75,3.0,cv_dsp1
650,group2,12,Relu_76,4.0,cv_dsp1
651,group2,12,Conv_77,5.0,cv_dsp1
652,group2,12,Add_78,6.0,cv_dsp1
653,group2,11,Relu_65,0.0,cv_dsp1
654,group2,11,Conv_66,1.0,cv_dsp1
655,group2,11,Relu_67,2.0,cv_dsp1
656,group2,11,Conv_68,3.0,cv_dsp1
657,group2,11,Relu_69,4.0,cv_dsp1
658,group2,11,Conv_70,5.0,cv_dsp1
659,group2,11,Add_71,6.0,cv_dsp1
660,group2,10,Conv_58,0.0,cv_dsp0
661,group2,10,Conv_63,1.0,cv_dsp1
662,group2,10,Relu_59,2.0,cv_dsp0
663,group2,10,Conv_60,3.0,cv_dsp0
664,group2,10,Relu_61,4.0,cv_dsp0
665,group2,10,Conv_62,5.0,cv_dsp0
666,group2,10,Add_64,6.0,cv_dsp0
667,group2,9,Relu_57,0.0,cv_dsp1
668,group2,8,Relu_50,0.0,cv_dsp1
669,group2,8,Conv_51,1.0,cv_dsp1
670,group2,8,Relu_52,2.0,cv_dsp1
671,group2,8,Conv_53,3.0,cv_dsp1
672,group2,8,Relu_54,4.0,cv_dsp1
673,group2,8,Conv_55,5.0,cv_dsp1
674,group2,8,Add_56,6.0,cv_dsp1
675,group2,7,Relu_43,0.0,cv_dsp1
676,group2,7,Conv_44,1.0,cv_dsp1
677,group2,7,Relu_45,2.0,cv_dsp1
678,group2,7,Conv_46,3.0,cv_dsp1
679,group2,7,Relu_47,4.0,cv_dsp1
680,group2,7,Conv_48,5.0,cv_dsp1
681,group2,7,Add_49,6.0,cv_dsp1
682,group2,6,Relu_36,0.0,cv_dsp1
683,group2,6,Conv_37,1.0,cv_dsp1
684,group2,6,Relu_38,2.0,cv_dsp1
685,group2,6,Conv_39,3.0,cv_dsp1
686,group2,6,Relu_40,4.0,cv_dsp1
687,group2,6,Conv_41,5.0,cv_dsp1
688,group2,6,Add_42,6.0,cv_dsp1
689,group2,5,Conv_29,1.0,cv_dsp0
690,group2,5,Conv_34,0.0,cv_dsp1
691,group2,5,Relu_30,2.0,cv_dsp0
692,group2,5,Conv_31,3.0,cv_dsp0
693,group2,5,Relu_32,4.0,cv_dsp0
694,group2,5,Conv_33,5.0,cv_dsp0
695,group2,5,Add_35,6.0,cv_dsp0
696,group2,4,Relu_28,0.0,cv_dsp1
697,group2,3,Relu_21,0.0,cv_dsp1
698,group2,3,Conv_22,1.0,cv_dsp1
699,group2,3,Relu_23,2.0,cv_dsp1
700,group2,3,Conv_24,3.0,cv_dsp1
701,group2,3,Relu_25,4.0,cv_dsp1
702,group2,3,Conv_26,5.0,cv_dsp1
703,group2,3,Add_27,6.0,cv_dsp1
704,group2,2,Relu_14,0.0,cv_dsp1
705,group2,2,Conv_15,1.0,cv_dsp1
706,group2,2,Relu_16,2.0,cv_dsp1
707,group2,2,Conv_17,3.0,cv_dsp1
708,group2,2,Relu_18,4.0,cv_dsp1
709,group2,2,Conv_19,5.0,cv_dsp1
710,group2,2,Add_20,6.0,cv_dsp1
711,group2,1,Conv_7,1.0,cv_dsp0
712,group2,1,Conv_12,0.0,cv_dsp1
713,group2,1,Relu_8,2.0,cv_dsp0
714,group2,1,Conv_9,3.0,cv_dsp0
715,group2,1,Relu_10,4.0,cv_dsp0
716,group2,1,Conv_11,5.0,cv_dsp0
717,group2,1,Add_13,6.0,cv_dsp0
718,group2,0,Unsqueeze_0,0.0,cv_dsp1
719,group2,0,Squeeze_3,1.0,cv_dsp1
720,group2,0,Conv_4,2.0,cv_dsp1
721,group2,0,Relu_5,3.0,cv_dsp1
722,group2,0,MaxPool_6,4.0,cv_dsp1
723,group_dsp0,27,Mul_1938,0.0,cv_dsp0
724,group_dsp0,27,Add_1940,1.0,cv_dsp0
725,group_dsp0,27,Transpose_1941,2.0,cv_dsp0
726,group_dsp0,27,Reshape_1953,3.0,cv_dsp0
727,group_dsp0,26,ReduceSum_1915,0.0,cv_dsp0
728,group_dsp0,26,Reshape_1921,1.0,cv_dsp0
729,group_dsp0,26,Transpose_1922,2.0,cv_dsp0
730,group_dsp0,26,MatMul_1925,3.0,cv_dsp0
731,group_dsp0,26,Add_1927,4.0,cv_dsp0
732,group_dsp0,26,ReduceMean_1928,5.0,cv_dsp0
733,group_dsp0,26,Sub_1929,6.0,cv_dsp0
734,group_dsp0,26,Mul_1930,7.0,cv_dsp0
735,group_dsp0,26,ReduceMean_1931,8.0,cv_dsp0
736,group_dsp0,26,Add_1933,9.0,cv_dsp0
737,group_dsp0,26,Sqrt_1934,10.0,cv_dsp0
738,group_dsp0,26,Reciprocal_1935,11.0,cv_dsp0
739,group_dsp0,26,Mul_1936,12.0,cv_dsp0
740,group_dsp0,25,MatMul_1828,1.0,cv_dsp0
741,group_dsp0,25,MatMul_1719,0.0,cv_dsp0
742,group_dsp0,25,MatMul_1732,2.0,cv_dsp0
743,group_dsp0,25,Add_1830,4.0,cv_dsp0
744,group_dsp0,25,Add_1721,3.0,cv_dsp0
745,group_dsp0,25,Add_1734,5.0,cv_dsp0
746,group_dsp0,25,Reshape_1838,7.0,cv_dsp0
747,group_dsp0,25,Reshape_1729,6.0,cv_dsp0
748,group_dsp0,25,Reshape_1742,8.0,cv_dsp0
749,group_dsp0,25,Softmax_1839,10.0,cv_dsp0
750,group_dsp0,25,Transpose_1870,9.0,cv_dsp0
751,group_dsp0,25,Div_1824,11.0,cv_dsp0
752,group_dsp0,25,Reshape_1845,13.0,cv_dsp0
753,group_dsp0,25,Reshape_1877,12.0,cv_dsp0
754,group_dsp0,25,Add_1825,14.0,cv_dsp0
755,group_dsp0,25,Reshape_1901,15.0,cv_dsp0
756,group_dsp0,25,Mul_1865,16.0,cv_dsp0
757,group_dsp0,25,Transpose_1902,17.0,cv_dsp0
758,group_dsp0,25,Sub_1867,18.0,cv_dsp0
759,group_dsp0,25,Reshape_1910,19.0,cv_dsp0
760,group_dsp0,25,Reshape_1885,20.0,cv_dsp0
761,group_dsp0,25,Concat_1911,21.0,cv_dsp0
762,group_dsp0,25,Transpose_1886,22.0,cv_dsp0
763,group_dsp0,25,Concat_1912,23.0,cv_dsp0
764,group_dsp0,25,Reshape_1894,24.0,cv_dsp0
765,group_dsp0,25,Concat_1913,25.0,cv_dsp0
766,group_dsp0,25,grid_sampler_1895,26.0,cv_dsp0
767,group_dsp0,25,Mul_1914,27.0,cv_dsp0
768,group_dsp0,24,Mul_1675,0.0,cv_dsp0
769,group_dsp0,24,Add_1677,1.0,cv_dsp0
770,group_dsp0,24,Transpose_1678,2.0,cv_dsp0
771,group_dsp0,24,Reshape_1688,3.0,cv_dsp0
772,group_dsp0,24,Reshape_1706,4.0,cv_dsp0
773,group_dsp0,24,Transpose_1707,5.0,cv_dsp0
774,group_dsp0,23,MatMul_1661,0.0,cv_dsp0
775,group_dsp0,23,Add_1663,1.0,cv_dsp0
776,group_dsp0,23,Add_1664,2.0,cv_dsp0
777,group_dsp0,23,ReduceMean_1665,3.0,cv_dsp0
778,group_dsp0,23,Sub_1666,4.0,cv_dsp0
779,group_dsp0,23,Mul_1667,5.0,cv_dsp0
780,group_dsp0,23,ReduceMean_1668,6.0,cv_dsp0
781,group_dsp0,23,Add_1670,7.0,cv_dsp0
782,group_dsp0,23,Sqrt_1671,8.0,cv_dsp0
783,group_dsp0,23,Reciprocal_1672,9.0,cv_dsp0
784,group_dsp0,23,Mul_1673,10.0,cv_dsp0
785,group_dsp0,21,Mul_1373,0.0,cv_dsp0
786,group_dsp0,21,ReduceSum_1374,1.0,cv_dsp0
787,group_dsp0,21,Reshape_1380,2.0,cv_dsp0
788,group_dsp0,21,Transpose_1381,3.0,cv_dsp0
789,group_dsp0,21,Reshape_1390,4.0,cv_dsp0
790,group_dsp0,20,Relu_122,0.0,cv_dsp0
791,group_dsp0,20,Reshape_133,1.0,cv_dsp0
792,group_dsp0,20,Reshape_147,2.0,cv_dsp0
793,group_dsp0,20,Conv_150,3.0,cv_dsp0
794,group_dsp0,20,Reshape_160,4.0,cv_dsp0
795,group_dsp0,20,Reshape_1190,5.0,cv_dsp0
796,group_dsp0,20,Transpose_1193,6.0,cv_dsp0
797,group_dsp0,20,Reshape_1200,7.0,cv_dsp0
798,group_dsp0,20,MatMul_1223,8.0,cv_dsp0
799,group_dsp0,20,Add_1225,9.0,cv_dsp0
800,group_dsp0,20,Reshape_1233,10.0,cv_dsp0
801,group_dsp0,20,Reshape_1328,11.0,cv_dsp0
802,group_dsp0,20,Transpose_1329,12.0,cv_dsp0
803,group_dsp0,20,Reshape_1336,13.0,cv_dsp0
804,group_dsp0,20,grid_sampler_1352,14.0,cv_dsp0
805,group_dsp0,20,Unsqueeze_1363,15.0,cv_dsp0
806,group_dsp0,20,Shape_1365,16.0,cv_dsp0
807,group_dsp0,20,Slice_1369,17.0,cv_dsp0
808,group_dsp0,20,Concat_1371,18.0,cv_dsp0
809,group_dsp0,20,Reshape_1372,19.0,cv_dsp0
810,group_dsp0,19,Relu_115,0.0,cv_dsp0
811,group_dsp0,19,Conv_116,1.0,cv_dsp0
812,group_dsp0,19,Relu_117,2.0,cv_dsp0
813,group_dsp0,19,Conv_118,3.0,cv_dsp0
814,group_dsp0,19,Relu_119,4.0,cv_dsp0
815,group_dsp0,19,Conv_120,5.0,cv_dsp0
816,group_dsp0,19,Add_121,6.0,cv_dsp0
817,group_dsp0,18,Relu_108,0.0,cv_dsp0
818,group_dsp0,18,Conv_109,1.0,cv_dsp0
819,group_dsp0,18,Relu_110,2.0,cv_dsp0
820,group_dsp0,18,Conv_111,3.0,cv_dsp0
821,group_dsp0,18,Relu_112,4.0,cv_dsp0
822,group_dsp0,18,Conv_113,5.0,cv_dsp0
823,group_dsp0,18,Add_114,6.0,cv_dsp0
824,group_dsp0,17,Conv_106,0.0,cv_dsp0
825,group_dsp0,17,Conv_101,1.0,cv_dsp0
826,group_dsp0,17,Relu_102,2.0,cv_dsp0
827,group_dsp0,17,Conv_103,3.0,cv_dsp0
828,group_dsp0,17,Relu_104,4.0,cv_dsp0
829,group_dsp0,17,Conv_105,5.0,cv_dsp0
830,group_dsp0,17,Add_107,6.0,cv_dsp0
831,group_dsp0,16,Relu_100,0.0,cv_dsp0
832,group_dsp0,15,Relu_93,0.0,cv_dsp0
833,group_dsp0,15,Conv_94,1.0,cv_dsp0
834,group_dsp0,15,Relu_95,2.0,cv_dsp0
835,group_dsp0,15,Conv_96,3.0,cv_dsp0
836,group_dsp0,15,Relu_97,4.0,cv_dsp0
837,group_dsp0,15,Conv_98,5.0,cv_dsp0
838,group_dsp0,15,Add_99,6.0,cv_dsp0
839,group_dsp0,14,Relu_86,0.0,cv_dsp0
840,group_dsp0,14,Conv_87,1.0,cv_dsp0
841,group_dsp0,14,Relu_88,2.0,cv_dsp0
842,group_dsp0,14,Conv_89,3.0,cv_dsp0
843,group_dsp0,14,Relu_90,4.0,cv_dsp0
844,group_dsp0,14,Conv_91,5.0,cv_dsp0
845,group_dsp0,14,Add_92,6.0,cv_dsp0
846,group_dsp0,13,Relu_79,0.0,cv_dsp0
847,group_dsp0,13,Conv_80,1.0,cv_dsp0
848,group_dsp0,13,Relu_81,2.0,cv_dsp0
849,group_dsp0,13,Conv_82,3.0,cv_dsp0
850,group_dsp0,13,Relu_83,4.0,cv_dsp0
851,group_dsp0,13,Conv_84,5.0,cv_dsp0
852,group_dsp0,13,Add_85,6.0,cv_dsp0
853,group_dsp0,12,Relu_72,0.0,cv_dsp0
854,group_dsp0,12,Conv_73,1.0,cv_dsp0
855,group_dsp0,12,Relu_74,2.0,cv_dsp0
856,group_dsp0,12,Conv_75,3.0,cv_dsp0
857,group_dsp0,12,Relu_76,4.0,cv_dsp0
858,group_dsp0,12,Conv_77,5.0,cv_dsp0
859,group_dsp0,12,Add_78,6.0,cv_dsp0
860,group_dsp0,11,Relu_65,0.0,cv_dsp0
861,group_dsp0,11,Conv_66,1.0,cv_dsp0
862,group_dsp0,11,Relu_67,2.0,cv_dsp0
863,group_dsp0,11,Conv_68,3.0,cv_dsp0
864,group_dsp0,11,Relu_69,4.0,cv_dsp0
865,group_dsp0,11,Conv_70,5.0,cv_dsp0
866,group_dsp0,11,Add_71,6.0,cv_dsp0
867,group_dsp0,10,Conv_58,0.0,cv_dsp0
868,group_dsp0,10,Conv_63,1.0,cv_dsp0
869,group_dsp0,10,Relu_59,2.0,cv_dsp0
870,group_dsp0,10,Conv_60,3.0,cv_dsp0
871,group_dsp0,10,Relu_61,4.0,cv_dsp0
872,group_dsp0,10,Conv_62,5.0,cv_dsp0
873,group_dsp0,10,Add_64,6.0,cv_dsp0
874,group_dsp0,9,Relu_57,0.0,cv_dsp0
875,group_dsp0,8,Relu_50,0.0,cv_dsp0
876,group_dsp0,8,Conv_51,1.0,cv_dsp0
877,group_dsp0,8,Relu_52,2.0,cv_dsp0
878,group_dsp0,8,Conv_53,3.0,cv_dsp0
879,group_dsp0,8,Relu_54,4.0,cv_dsp0
880,group_dsp0,8,Conv_55,5.0,cv_dsp0
881,group_dsp0,8,Add_56,6.0,cv_dsp0
882,group_dsp0,7,Relu_43,0.0,cv_dsp0
883,group_dsp0,7,Conv_44,1.0,cv_dsp0
884,group_dsp0,7,Relu_45,2.0,cv_dsp0
885,group_dsp0,7,Conv_46,3.0,cv_dsp0
886,group_dsp0,7,Relu_47,4.0,cv_dsp0
887,group_dsp0,7,Conv_48,5.0,cv_dsp0
888,group_dsp0,7,Add_49,6.0,cv_dsp0
889,group_dsp0,6,Relu_36,0.0,cv_dsp0
890,group_dsp0,6,Conv_37,1.0,cv_dsp0
891,group_dsp0,6,Relu_38,2.0,cv_dsp0
892,group_dsp0,6,Conv_39,3.0,cv_dsp0
893,group_dsp0,6,Relu_40,4.0,cv_dsp0
894,group_dsp0,6,Conv_41,5.0,cv_dsp0
895,group_dsp0,6,Add_42,6.0,cv_dsp0
896,group_dsp0,5,Conv_29,1.0,cv_dsp0
897,group_dsp0,5,Conv_34,0.0,cv_dsp0
898,group_dsp0,5,Relu_30,2.0,cv_dsp0
899,group_dsp0,5,Conv_31,3.0,cv_dsp0
900,group_dsp0,5,Relu_32,4.0,cv_dsp0
901,group_dsp0,5,Conv_33,5.0,cv_dsp0
902,group_dsp0,5,Add_35,6.0,cv_dsp0
903,group_dsp0,4,Relu_28,0.0,cv_dsp0
904,group_dsp0,3,Relu_21,0.0,cv_dsp0
905,group_dsp0,3,Conv_22,1.0,cv_dsp0
906,group_dsp0,3,Relu_23,2.0,cv_dsp0
907,group_dsp0,3,Conv_24,3.0,cv_dsp0
908,group_dsp0,3,Relu_25,4.0,cv_dsp0
909,group_dsp0,3,Conv_26,5.0,cv_dsp0
910,group_dsp0,3,Add_27,6.0,cv_dsp0
911,group_dsp0,2,Relu_14,0.0,cv_dsp0
912,group_dsp0,2,Conv_15,1.0,cv_dsp0
913,group_dsp0,2,Relu_16,2.0,cv_dsp0
914,group_dsp0,2,Conv_17,3.0,cv_dsp0
915,group_dsp0,2,Relu_18,4.0,cv_dsp0
916,group_dsp0,2,Conv_19,5.0,cv_dsp0
917,group_dsp0,2,Add_20,6.0,cv_dsp0
918,group_dsp0,1,Conv_7,1.0,cv_dsp0
919,group_dsp0,1,Conv_12,0.0,cv_dsp0
920,group_dsp0,1,Relu_8,2.0,cv_dsp0
921,group_dsp0,1,Conv_9,3.0,cv_dsp0
922,group_dsp0,1,Relu_10,4.0,cv_dsp0
923,group_dsp0,1,Conv_11,5.0,cv_dsp0
924,group_dsp0,1,Add_13,6.0,cv_dsp0
925,group_dsp0,0,Unsqueeze_0,0.0,cv_dsp0
926,group_dsp0,0,Squeeze_3,1.0,cv_dsp0
927,group_dsp0,0,Conv_4,2.0,cv_dsp0
928,group_dsp0,0,Relu_5,3.0,cv_dsp0
929,group_dsp0,0,MaxPool_6,4.0,cv_dsp0
930,group_dsp1,27,Mul_1938,0.0,cv_dsp1
931,group_dsp1,27,Add_1940,1.0,cv_dsp1
932,group_dsp1,27,Transpose_1941,2.0,cv_dsp1
933,group_dsp1,27,Reshape_1953,3.0,cv_dsp1
934,group_dsp1,26,ReduceSum_1915,0.0,cv_dsp1
935,group_dsp1,26,Reshape_1921,1.0,cv_dsp1
936,group_dsp1,26,Transpose_1922,2.0,cv_dsp1
937,group_dsp1,26,MatMul_1925,3.0,cv_dsp1
938,group_dsp1,26,Add_1927,4.0,cv_dsp1
939,group_dsp1,26,ReduceMean_1928,5.0,cv_dsp1
940,group_dsp1,26,Sub_1929,6.0,cv_dsp1
941,group_dsp1,26,Mul_1930,7.0,cv_dsp1
942,group_dsp1,26,ReduceMean_1931,8.0,cv_dsp1
943,group_dsp1,26,Add_1933,9.0,cv_dsp1
944,group_dsp1,26,Sqrt_1934,10.0,cv_dsp1
945,group_dsp1,26,Reciprocal_1935,11.0,cv_dsp1
946,group_dsp1,26,Mul_1936,12.0,cv_dsp1
947,group_dsp1,25,MatMul_1828,1.0,cv_dsp1
948,group_dsp1,25,MatMul_1719,0.0,cv_dsp1
949,group_dsp1,25,MatMul_1732,2.0,cv_dsp1
950,group_dsp1,25,Add_1830,4.0,cv_dsp1
951,group_dsp1,25,Add_1721,3.0,cv_dsp1
952,group_dsp1,25,Add_1734,5.0,cv_dsp1
953,group_dsp1,25,Reshape_1838,7.0,cv_dsp1
954,group_dsp1,25,Reshape_1729,6.0,cv_dsp1
955,group_dsp1,25,Reshape_1742,8.0,cv_dsp1
956,group_dsp1,25,Softmax_1839,10.0,cv_dsp1
957,group_dsp1,25,Transpose_1870,9.0,cv_dsp1
958,group_dsp1,25,Div_1824,11.0,cv_dsp1
959,group_dsp1,25,Reshape_1845,13.0,cv_dsp1
960,group_dsp1,25,Reshape_1877,12.0,cv_dsp1
961,group_dsp1,25,Add_1825,14.0,cv_dsp1
962,group_dsp1,25,Reshape_1901,15.0,cv_dsp1
963,group_dsp1,25,Mul_1865,16.0,cv_dsp1
964,group_dsp1,25,Transpose_1902,17.0,cv_dsp1
965,group_dsp1,25,Sub_1867,18.0,cv_dsp1
966,group_dsp1,25,Reshape_1910,19.0,cv_dsp1
967,group_dsp1,25,Reshape_1885,20.0,cv_dsp1
968,group_dsp1,25,Concat_1911,21.0,cv_dsp1
969,group_dsp1,25,Transpose_1886,22.0,cv_dsp1
970,group_dsp1,25,Concat_1912,23.0,cv_dsp1
971,group_dsp1,25,Reshape_1894,24.0,cv_dsp1
972,group_dsp1,25,Concat_1913,25.0,cv_dsp1
973,group_dsp1,25,grid_sampler_1895,26.0,cv_dsp1
974,group_dsp1,25,Mul_1914,27.0,cv_dsp1
975,group_dsp1,24,Mul_1675,0.0,cv_dsp1
976,group_dsp1,24,Add_1677,1.0,cv_dsp1
977,group_dsp1,24,Transpose_1678,2.0,cv_dsp1
978,group_dsp1,24,Reshape_1688,3.0,cv_dsp1
979,group_dsp1,24,Reshape_1706,4.0,cv_dsp1
980,group_dsp1,24,Transpose_1707,5.0,cv_dsp1
981,group_dsp1,23,MatMul_1661,0.0,cv_dsp1
982,group_dsp1,23,Add_1663,1.0,cv_dsp1
983,group_dsp1,23,Add_1664,2.0,cv_dsp1
984,group_dsp1,23,ReduceMean_1665,3.0,cv_dsp1
985,group_dsp1,23,Sub_1666,4.0,cv_dsp1
986,group_dsp1,23,Mul_1667,5.0,cv_dsp1
987,group_dsp1,23,ReduceMean_1668,6.0,cv_dsp1
988,group_dsp1,23,Add_1670,7.0,cv_dsp1
989,group_dsp1,23,Sqrt_1671,8.0,cv_dsp1
990,group_dsp1,23,Reciprocal_1672,9.0,cv_dsp1
991,group_dsp1,23,Mul_1673,10.0,cv_dsp1
992,group_dsp1,21,Mul_1373,0.0,cv_dsp1
993,group_dsp1,21,ReduceSum_1374,1.0,cv_dsp1
994,group_dsp1,21,Reshape_1380,2.0,cv_dsp1
995,group_dsp1,21,Transpose_1381,3.0,cv_dsp1
996,group_dsp1,21,Reshape_1390,4.0,cv_dsp1
997,group_dsp1,20,Relu_122,0.0,cv_dsp1
998,group_dsp1,20,Reshape_133,1.0,cv_dsp1
999,group_dsp1,20,Reshape_147,2.0,cv_dsp1
1000,group_dsp1,20,Conv_150,3.0,cv_dsp1
1001,group_dsp1,20,Reshape_160,4.0,cv_dsp1
1002,group_dsp1,20,Reshape_1190,5.0,cv_dsp1
1003,group_dsp1,20,Transpose_1193,6.0,cv_dsp1
1004,group_dsp1,20,Reshape_1200,7.0,cv_dsp1
1005,group_dsp1,20,MatMul_1223,8.0,cv_dsp1
1006,group_dsp1,20,Add_1225,9.0,cv_dsp1
1007,group_dsp1,20,Reshape_1233,10.0,cv_dsp1
1008,group_dsp1,20,Reshape_1328,11.0,cv_dsp1
1009,group_dsp1,20,Transpose_1329,12.0,cv_dsp1
1010,group_dsp1,20,Reshape_1336,13.0,cv_dsp1
1011,group_dsp1,20,grid_sampler_1352,14.0,cv_dsp1
1012,group_dsp1,20,Unsqueeze_1363,15.0,cv_dsp1
1013,group_dsp1,20,Shape_1365,16.0,cv_dsp1
1014,group_dsp1,20,Slice_1369,17.0,cv_dsp1
1015,group_dsp1,20,Concat_1371,18.0,cv_dsp1
1016,group_dsp1,20,Reshape_1372,19.0,cv_dsp1
1017,group_dsp1,19,Relu_115,0.0,cv_dsp1
1018,group_dsp1,19,Conv_116,1.0,cv_dsp1
1019,group_dsp1,19,Relu_117,2.0,cv_dsp1
1020,group_dsp1,19,Conv_118,3.0,cv_dsp1
1021,group_dsp1,19,Relu_119,4.0,cv_dsp1
1022,group_dsp1,19,Conv_120,5.0,cv_dsp1
1023,group_dsp1,19,Add_121,6.0,cv_dsp1
1024,group_dsp1,18,Relu_108,0.0,cv_dsp1
1025,group_dsp1,18,Conv_109,1.0,cv_dsp1
1026,group_dsp1,18,Relu_110,2.0,cv_dsp1
1027,group_dsp1,18,Conv_111,3.0,cv_dsp1
1028,group_dsp1,18,Relu_112,4.0,cv_dsp1
1029,group_dsp1,18,Conv_113,5.0,cv_dsp1
1030,group_dsp1,18,Add_114,6.0,cv_dsp1
1031,group_dsp1,17,Conv_106,0.0,cv_dsp1
1032,group_dsp1,17,Conv_101,1.0,cv_dsp1
1033,group_dsp1,17,Relu_102,2.0,cv_dsp1
1034,group_dsp1,17,Conv_103,3.0,cv_dsp1
1035,group_dsp1,17,Relu_104,4.0,cv_dsp1
1036,group_dsp1,17,Conv_105,5.0,cv_dsp1
1037,group_dsp1,17,Add_107,6.0,cv_dsp1
1038,group_dsp1,16,Relu_100,0.0,cv_dsp1
1039,group_dsp1,15,Relu_93,0.0,cv_dsp1
1040,group_dsp1,15,Conv_94,1.0,cv_dsp1
1041,group_dsp1,15,Relu_95,2.0,cv_dsp1
1042,group_dsp1,15,Conv_96,3.0,cv_dsp1
1043,group_dsp1,15,Relu_97,4.0,cv_dsp1
1044,group_dsp1,15,Conv_98,5.0,cv_dsp1
1045,group_dsp1,15,Add_99,6.0,cv_dsp1
1046,group_dsp1,14,Relu_86,0.0,cv_dsp1
1047,group_dsp1,14,Conv_87,1.0,cv_dsp1
1048,group_dsp1,14,Relu_88,2.0,cv_dsp1
1049,group_dsp1,14,Conv_89,3.0,cv_dsp1
1050,group_dsp1,14,Relu_90,4.0,cv_dsp1
1051,group_dsp1,14,Conv_91,5.0,cv_dsp1
1052,group_dsp1,14,Add_92,6.0,cv_dsp1
1053,group_dsp1,13,Relu_79,0.0,cv_dsp1
1054,group_dsp1,13,Conv_80,1.0,cv_dsp1
1055,group_dsp1,13,Relu_81,2.0,cv_dsp1
1056,group_dsp1,13,Conv_82,3.0,cv_dsp1
1057,group_dsp1,13,Relu_83,4.0,cv_dsp1
1058,group_dsp1,13,Conv_84,5.0,cv_dsp1
1059,group_dsp1,13,Add_85,6.0,cv_dsp1
1060,group_dsp1,12,Relu_72,0.0,cv_dsp1
1061,group_dsp1,12,Conv_73,1.0,cv_dsp1
1062,group_dsp1,12,Relu_74,2.0,cv_dsp1
1063,group_dsp1,12,Conv_75,3.0,cv_dsp1
1064,group_dsp1,12,Relu_76,4.0,cv_dsp1
1065,group_dsp1,12,Conv_77,5.0,cv_dsp1
1066,group_dsp1,12,Add_78,6.0,cv_dsp1
1067,group_dsp1,11,Relu_65,0.0,cv_dsp1
1068,group_dsp1,11,Conv_66,1.0,cv_dsp1
1069,group_dsp1,11,Relu_67,2.0,cv_dsp1
1070,group_dsp1,11,Conv_68,3.0,cv_dsp1
1071,group_dsp1,11,Relu_69,4.0,cv_dsp1
1072,group_dsp1,11,Conv_70,5.0,cv_dsp1
1073,group_dsp1,11,Add_71,6.0,cv_dsp1
1074,group_dsp1,10,Conv_58,0.0,cv_dsp1
1075,group_dsp1,10,Conv_63,1.0,cv_dsp1
1076,group_dsp1,10,Relu_59,2.0,cv_dsp1
1077,group_dsp1,10,Conv_60,3.0,cv_dsp1
1078,group_dsp1,10,Relu_61,4.0,cv_dsp1
1079,group_dsp1,10,Conv_62,5.0,cv_dsp1
1080,group_dsp1,10,Add_64,6.0,cv_dsp1
1081,group_dsp1,9,Relu_57,0.0,cv_dsp1
1082,group_dsp1,8,Relu_50,0.0,cv_dsp1
1083,group_dsp1,8,Conv_51,1.0,cv_dsp1
1084,group_dsp1,8,Relu_52,2.0,cv_dsp1
1085,group_dsp1,8,Conv_53,3.0,cv_dsp1
1086,group_dsp1,8,Relu_54,4.0,cv_dsp1
1087,group_dsp1,8,Conv_55,5.0,cv_dsp1
1088,group_dsp1,8,Add_56,6.0,cv_dsp1
1089,group_dsp1,7,Relu_43,0.0,cv_dsp1
1090,group_dsp1,7,Conv_44,1.0,cv_dsp1
1091,group_dsp1,7,Relu_45,2.0,cv_dsp1
1092,group_dsp1,7,Conv_46,3.0,cv_dsp1
1093,group_dsp1,7,Relu_47,4.0,cv_dsp1
1094,group_dsp1,7,Conv_48,5.0,cv_dsp1
1095,group_dsp1,7,Add_49,6.0,cv_dsp1
1096,group_dsp1,6,Relu_36,0.0,cv_dsp1
1097,group_dsp1,6,Conv_37,1.0,cv_dsp1
1098,group_dsp1,6,Relu_38,2.0,cv_dsp1
1099,group_dsp1,6,Conv_39,3.0,cv_dsp1
1100,group_dsp1,6,Relu_40,4.0,cv_dsp1
1101,group_dsp1,6,Conv_41,5.0,cv_dsp1
1102,group_dsp1,6,Add_42,6.0,cv_dsp1
1103,group_dsp1,5,Conv_29,1.0,cv_dsp1
1104,group_dsp1,5,Conv_34,0.0,cv_dsp1
1105,group_dsp1,5,Relu_30,2.0,cv_dsp1
1106,group_dsp1,5,Conv_31,3.0,cv_dsp1
1107,group_dsp1,5,Relu_32,4.0,cv_dsp1
1108,group_dsp1,5,Conv_33,5.0,cv_dsp1
1109,group_dsp1,5,Add_35,6.0,cv_dsp1
1110,group_dsp1,4,Relu_28,0.0,cv_dsp1
1111,group_dsp1,3,Relu_21,0.0,cv_dsp1
1112,group_dsp1,3,Conv_22,1.0,cv_dsp1
1113,group_dsp1,3,Relu_23,2.0,cv_dsp1
1114,group_dsp1,3,Conv_24,3.0,cv_dsp1
1115,group_dsp1,3,Relu_25,4.0,cv_dsp1
1116,group_dsp1,3,Conv_26,5.0,cv_dsp1
1117,group_dsp1,3,Add_27,6.0,cv_dsp1
1118,group_dsp1,2,Relu_14,0.0,cv_dsp1
1119,group_dsp1,2,Conv_15,1.0,cv_dsp1
1120,group_dsp1,2,Relu_16,2.0,cv_dsp1
1121,group_dsp1,2,Conv_17,3.0,cv_dsp1
1122,group_dsp1,2,Relu_18,4.0,cv_dsp1
1123,group_dsp1,2,Conv_19,5.0,cv_dsp1
1124,group_dsp1,2,Add_20,6.0,cv_dsp1
1125,group_dsp1,1,Conv_7,1.0,cv_dsp1
1126,group_dsp1,1,Conv_12,0.0,cv_dsp1
1127,group_dsp1,1,Relu_8,2.0,cv_dsp1
1128,group_dsp1,1,Conv_9,3.0,cv_dsp1
1129,group_dsp1,1,Relu_10,4.0,cv_dsp1
1130,group_dsp1,1,Conv_11,5.0,cv_dsp1
1131,group_dsp1,1,Add_13,6.0,cv_dsp1
1132,group_dsp1,0,Unsqueeze_0,0.0,cv_dsp1
1133,group_dsp1,0,Squeeze_3,1.0,cv_dsp1
1134,group_dsp1,0,Conv_4,2.0,cv_dsp1
1135,group_dsp1,0,Relu_5,3.0,cv_dsp1
1136,group_dsp1,0,MaxPool_6,4.0,cv_dsp1
1137,group_maca,16,Relu_100,0.0,maca
1138,group_maca,9,Relu_57,0.0,maca
1139,group_maca,4,Relu_28,0.0,maca
